Track URI,Track Name,Album Name,Artist_Name,Release Date,Duration (ms),Popularity,Explicit,Added By,Added At,Genres,Record Label,Danceability,Energy,Key,Loudness,Mode,Speechiness,Acousticness,Instrumentalness,Liveness,Valence,Tempo,Time Signature,region
spotify:track:119c93MHjrDLJTApCVGpvx,C.R.E.A.M. (Cash Rules Everything Around Me),Enter The Wu-Tang (36 Chambers) [Expanded Edition],Wu-Tang Clan,1993-11-09,252026,74,TRUE,warriorkid3000,2021-09-29T03:39:28Z,"old school hiphop,east coast hiphop,hiphop,gangsterrap,hardcore hiphop",RCA Records Label,0.512,0.514,11,-11.562,0,0.387,0.555,0.00958,0.126,0.565,181.033,4,east
spotify:track:6OkDb9fyi22Pr6QJIrUNdJ,Rhymes Like Dimes,Operation: Doomsday (Complete),MF DOOM;DJ Cucumber Slice,1999-10-19,258613,65,TRUE,m-airon,2026-01-27T13:35:50Z,"experimentele hiphop,east coast hiphop,jazz rap,alternative hiphop",Metalface Records,0.646,0.752,0,-5.652,1,0.268,0.664,0,0.17,0.761,99.948,4,east
spotify:track:5xzN3p8DlPv7bBhV8mCdao,In Da Club,Get Rich Or Die Tryin' (Explicit UK Version),50 Cent,2003-02-06,193466,0,TRUE,warriorkid3000,2021-09-29T03:52:18Z,"old school hiphop,east coast hiphop",Polydor Associated Labels,0.908,0.721,1,-2.761,0,0.316,0.274,0,0.0758,0.767,90.01,4,east
spotify:track:0ed6evAMZvewGh4UI9KkVU,Kick in the Door - 2014 Remaster,Life After Death (2014 Remastered Edition),The Notorious B.I.G.,1997-03-04,286186,55,TRUE,m-airon,2022-03-06T00:13:03Z,"old school hiphop,gangsterrap,east coast hiphop,hiphop",Rhino Atlantic,0.62,0.854,6,-5.578,1,0.628,0.103,0,0.402,0.671,179.801,4,east
spotify:track:4Qxv2L4JICAWLFrBV6QeH8,Around The Way Girl,Mama Said Knock You Out (Deluxe Edition),LL COOL J,1990-08-27,246533,50,FALSE,m-airon,2022-04-18T21:26:41Z,"old school hiphop,east coast hiphop",LL Cool J.,0.608,0.669,1,-10.834,0,0.335,0.00435,0.0109,0.337,0.679,202.062,4,east
spotify:track:3RmKpob8xzv1pzHEQrMJah,Let Me Blow Ya Mind,Scorpion,Eve;Gwen Stefani,2001-03-06,230133,73,TRUE,m-airon,2022-04-13T11:52:44Z,NA,Ruff Ryders RECORDS,0.908,0.557,8,-4.243,0,0.107,0.242,0,0.0709,0.897,90.032,4,east
spotify:track:0B8drtTSp68pZdkmVrG9ZA,Twinz (Deep Cover 98) (feat. Fat Joe),Capital Punishment,Big Pun;Fat Joe,1998-04-28,228173,67,TRUE,warriorkid3000,2024-05-09T04:24:56Z,"east coast hiphop,old school hiphop,hardcore hiphop",LOUD Records,0.634,0.763,0,-7.216,1,0.323,0.32,3.4e-6,0.237,0.519,94.981,4,east
spotify:track:1xIxMz1sNQ4b6svH1GuTtF,Gimme the Loot - 2005 Remaster,Ready to Die (The Remaster),The Notorious B.I.G.,1994-09-13,285946,66,TRUE,warriorkid3000,2021-09-29T03:54:40Z,"old school hiphop,gangsterrap,east coast hiphop,hiphop",Bad Boy Records,0.721,0.662,7,-8.136,1,0.403,0.0888,0,0.178,0.68,94.191,4,east
spotify:track:6jn2A66ztgXPrpeNsdiGHE,Tru Master (with Inspectah Deck & Kurupt),Soul Survivor,Pete Rock;Inspectah Deck;Kurupt,1998-06-17,239533,36,TRUE,m-airon,2024-12-30T16:56:02Z,"jazz rap,east coast hiphop,boombap,g funk,west coast hiphop,gangsterrap,old school hiphop",RCA Records Label,0.649,0.941,2,-4.159,1,0.398,0.0676,0,0.0905,0.64,91.442,4,east
spotify:track:3vZO25GdYuqFrR1kzZADnp,Ready or Not,The Score (Expanded Edition),Fugees;Ms. Lauryn Hill;Wyclef Jean;Pras,1996-02-13,226933,73,TRUE,m-airon,2019-04-05T00:02:58Z,"east coast hiphop,neo soul,old school hiphop",Columbia,0.544,0.428,10,-13.392,0,0.514,0.245,0,0.0899,0.524,89.129,4,east
spotify:track:28AvvchUP85ihRe9xCzcfB,Da Joint,Back In Business,EPMD,1997-09-16,208360,55,TRUE,m-airon,2019-04-05T00:01:54Z,"old school hiphop,east coast hiphop,hiphop",Def Jam Recordings,0.734,0.466,10,-8.658,0,0.464,0.243,0,0.106,0.788,89.318,4,east
spotify:track:63BcfK6YAzJYeISaTPr6IO,Big Poppa - 2007 Remaster,Greatest Hits,The Notorious B.I.G.,2007-03-02,249866,72,TRUE,warriorkid3000,2021-09-29T03:48:03Z,"old school hiphop,gangsterrap,east coast hiphop,hiphop",Bad Boy Records,0.765,0.671,9,-5.249,0,0.278,0.344,0,0.0506,0.798,84.5,4,east
spotify:track:14Ai4sTxWbQpNymhpQKuES,You Ain't a Killer,Capital Punishment,Big Pun,1998-04-28,254866,54,TRUE,m-airon,2022-04-13T11:33:30Z,"east coast hiphop,old school hiphop,hardcore hiphop",LOUD Records,0.723,0.887,6,-7.076,1,0.393,0.134,0,0.112,0.745,90.93,4,east
spotify:track:0UN5OvKlbg06LnZyVk48ll,Loungin (Who Do Ya Luv) - Remix,Mr. Smith (Deluxe Edition),LL COOL J;Total,1995-11-21,229373,60,TRUE,m-airon,2024-11-06T08:38:36Z,"old school hiphop,east coast hiphop,r&b,new jack swing",LL Cool J.,0.817,0.584,7,-9.785,1,0.174,0.432,0.00588,0.225,0.502,99.947,4,east
spotify:track:3UQAKY0SUEonxneROvv4jy,Ready to Die - 2005 Remaster,Ready to Die (The Remaster),The Notorious B.I.G.,1994-09-13,264546,62,TRUE,m-airon,2022-04-19T08:21:09Z,"old school hiphop,gangsterrap,east coast hiphop,hiphop",Bad Boy Records,0.727,0.831,6,-5.713,1,0.31,0.0632,3.63e-5,0.487,0.504,84.991,4,east
spotify:track:15LVUC45FiKlBp0wkmJkcv,Niggas Bleed - 2014 Remaster,Life After Death (2014 Remastered Edition),The Notorious B.I.G.,1997-03-04,291040,55,TRUE,m-airon,2024-10-23T14:23:29Z,"old school hiphop,gangsterrap,east coast hiphop,hiphop",Rhino Atlantic,0.541,0.847,1,-3.386,1,0.264,0.354,0,0.231,0.546,83.778,4,east
spotify:track:7gKgd0P3dAAePiSQQBqrlf,Break Ya Neck,Genesis,Busta Rhymes,2001-11-07,231240,68,TRUE,m-airon,2024-10-19T17:30:57Z,east coast hiphop,J Records/Legacy,0.82,0.809,4,-6.759,0,0.251,0.443,0.00175,0.0613,0.737,83.011,4,east
spotify:track:4QpmwtoYEvENZJPQ6a2kbw,Brooklyn's Finest,Reasonable Doubt,JAŸ-Z;The Notorious B.I.G.,1996-06-25,275640,47,TRUE,m-airon,2022-04-24T08:15:07Z,"hiphop,east coast hiphop,rap,old school hiphop,gangsterrap",Roc-A-Fella,0.495,0.715,6,-8.855,1,0.497,0.135,1.04e-6,0.0748,0.743,189.862,4,east
spotify:track:2NeHnSFnwNp1Z5WYgcjJ8L,X Gon' Give It To Ya,The Best Of DMX,DMX,2010-01-01,219253,5,TRUE,warriorkid3000,2021-09-29T03:46:23Z,"east coast hiphop,old school hiphop,hardcore hiphop",Universal Music Group,0.678,0.857,10,-5.173,0,0.216,0.0325,0,0.0788,0.622,94.95,4,east
spotify:track:1SyQ6t9RdRBK0QUCS6a797,Hip Hop Hooray,19NaughtyIII,Naughty By Nature,1993-02-23,267266,68,FALSE,m-airon,2022-04-13T11:21:15Z,"old school hiphop,east coast hiphop","Tommy Boy Music, LLC",0.862,0.642,6,-13.652,0,0.101,0.102,0,0.272,0.765,99.2,4,east
spotify:track:5xMNsdeGt9sSfWWRzoHPCw,One,Supreme Clientele,Ghostface Killah,2000,226333,0,TRUE,m-airon,2019-04-05T00:00:22Z,"east coast hiphop,hardcore hiphop,old school hiphop,hiphop",Epic/Razor Sharp Records,0.755,0.702,11,-7.022,1,0.216,0.0254,0,0.0809,0.501,89.62,4,east
spotify:track:3T8GqhctcAe34QaBhvTKCM,If I Can't,Get Rich Or Die Tryin' (Explicit UK Version),50 Cent,2003-02-06,196640,0,TRUE,warriorkid3000,2021-09-29T03:54:09Z,"old school hiphop,east coast hiphop",Polydor Associated Labels,0.877,0.638,11,-2.537,0,0.333,0.249,0,0.0239,0.836,93.952,4,east
spotify:track:4OriPa2OXO6goScm81cjju,Release Yo' Delf,Tical,Method Man,1994-11-15,255333,52,TRUE,m-airon,2022-03-27T08:42:37Z,"east coast hiphop,old school hiphop,hiphop,hardcore hiphop",Def Jam Recordings,0.796,0.655,2,-8.069,1,0.15,0.00929,6.06e-5,0.108,0.527,97.795,4,east
spotify:track:5k8VqtBhkbAYakV5ZEFYNo,Suicidal Thoughts - 2005 Remaster,Ready to Die (The Remaster),The Notorious B.I.G.,1994-09-13,170213,50,TRUE,m-airon,2022-04-18T21:16:22Z,"old school hiphop,gangsterrap,east coast hiphop,hiphop",Bad Boy Records,0.604,0.501,5,-10.171,0,0.425,0.466,9.09e-6,0.091,0.0956,78.61,4,east
spotify:track:5czjjnbTatyFal33a9h1aN,Guess Who's Back,The 18th Letter / The Book Of Life,Rakim,1996-11-04,250906,55,FALSE,m-airon,2019-04-04T23:57:24Z,"east coast hiphop,old school hiphop,hiphop",Universal Records,0.796,0.798,6,-7.456,0,0.262,0.0153,0,0.106,0.692,94.016,4,east
spotify:track:24vNw0Z0srb4zYXwrakw8E,Wu-Tang Clan Ain't Nuthing ta F' Wit,Enter The Wu-Tang (36 Chambers) [Expanded Edition],Wu-Tang Clan,1993-11-09,216040,64,TRUE,m-airon,2024-11-12T06:23:35Z,"old school hiphop,east coast hiphop,hiphop,gangsterrap,hardcore hiphop",RCA Records Label,0.823,0.526,1,-12.202,1,0.328,0.237,0,0.362,0.614,99.13,4,east
spotify:track:6IFOw9Ck9mWHRQgw6QrPYx,Music (feat. Marvin Gaye),Music,Erick Sermon;Marvin Gaye,2001-10-29,223133,55,TRUE,m-airon,2022-04-13T11:51:00Z,"east coast hiphop,old school hiphop,motown,classic soul,soul,northern soul,quiet storm",J Records,0.897,0.466,10,-9.053,0,0.203,0.187,1.35e-6,0.0757,0.884,100.01,4,east
spotify:track:3YAIOD20Mk64gNRYqf56k3,Waiting For The World To End,The Master,Rakim,1999-11-30,245026,49,TRUE,m-airon,2022-03-27T09:16:24Z,"east coast hiphop,old school hiphop,hiphop",Universal Records,0.795,0.58,10,-5.762,0,0.405,0.0735,7.33e-5,0.325,0.961,91.798,4,east
spotify:track:2KFg8kjYy0rYjWsXGhEQHN,Who Shot Ya? - 2005 Remaster,Ready to Die (The Remaster),The Notorious B.I.G.,1994-09-13,319360,67,TRUE,warriorkid3000,2023-09-20T03:46:38Z,"old school hiphop,gangsterrap,east coast hiphop,hiphop",Bad Boy Records,0.831,0.682,7,-5.697,1,0.238,0.256,0,0.494,0.6,91.771,4,east
spotify:track:7KwZNVEaqikRSBSpyhXK2j,Hypnotize - 2014 Remaster,Life After Death (2014 Remastered Edition),The Notorious B.I.G.,1997-03-04,229826,83,TRUE,warriorkid3000,2024-09-27T04:33:39Z,"old school hiphop,gangsterrap,east coast hiphop,hiphop",Rhino Atlantic,0.901,0.697,9,-3.439,1,0.28,0.145,0,0.287,0.67,93.941,4,east
spotify:track:2kEGpCg4Xj5LtVL4AWPJ8C,Fuckin' Wit' D,It's Dark And Hell Is Hot,DMX,1998-05-01,138026,46,TRUE,m-airon,2022-03-27T08:35:13Z,"east coast hiphop,old school hiphop,hardcore hiphop",Def Jam Recordings,0.88,0.796,2,-4.918,1,0.287,0.116,0,0.151,0.834,100.782,4,east
spotify:track:119c93MHjrDLJTApCVGpvx,C.R.E.A.M. (Cash Rules Everything Around Me),Enter The Wu-Tang (36 Chambers) [Expanded Edition],Wu-Tang Clan,1993-11-09,252026,74,TRUE,m-airon,2019-04-04T23:53:15Z,"old school hiphop,east coast hiphop,hiphop,gangsterrap,hardcore hiphop",RCA Records Label,0.512,0.514,11,-11.562,0,0.387,0.555,0.00958,0.126,0.565,181.033,4,east
spotify:track:094MWdspdy9amhOi8TFlIN,Get It On The Floor,Grand Champ,DMX;Swizz Beatz,2003-01-01,262133,58,TRUE,m-airon,2022-04-15T17:12:21Z,"east coast hiphop,old school hiphop,hardcore hiphop",RAL (Rush Associated Label),0.812,0.794,1,-3.075,1,0.155,0.163,0,0.131,0.572,94.198,4,east
spotify:track:4JYUDRtPZuVNi7FAnbHyux,"Flava in Ya Ear Remix (feat. The Notorious B.I.G., LL Cool J, Busta Rhymes, Rampage)",Flava In Ya Ear Remix,Craig Mack;Busta Rhymes;LL COOL J;Rampage;The Notorious B.I.G.,1994,302013,57,TRUE,m-airon,2024-10-24T08:07:10Z,"old school hiphop,east coast hiphop,gangsterrap,hiphop",Rhino Atlantic,0.52,0.847,9,-5.3,1,0.427,0.272,0,0.325,0.799,177.371,4,east
spotify:track:5LZ4d69L4TK8hVyh2q7YEJ,8 Iz Enuff,Lifestylez Ov Da Poor & Dangerous,Big L,1995-03-28,298840,45,TRUE,m-airon,2024-11-12T13:57:47Z,"east coast hiphop,old school hiphop,hardcore hiphop,boombap,hiphop",Columbia,0.844,0.459,8,-8.827,0,0.364,0.418,0.00816,0.112,0.394,96.019,4,east
spotify:track:65l5KYs1YMFplVybSvFZqZ,Lifes On The Line,Get Rich Or Die Tryin',50 Cent,2003-02-06,218480,49,TRUE,m-airon,2019-04-05T00:09:18Z,"old school hiphop,east coast hiphop",Shady Records,0.673,0.841,1,-5.191,1,0.341,0.00809,0,0.171,0.76,94.671,4,east
spotify:track:0SlljMy4uEgoVPCyavtcHH,Self Conscience - Dirty Version,Nas & Ill Will Records Presents Queensbridge the album,Prodigy;Nas,2000-11-06,195293,44,TRUE,m-airon,2022-04-13T11:31:58Z,"east coast hiphop,old school hiphop,hiphop",Columbia,0.829,0.614,1,-8.546,1,0.267,0.0666,8.5e-4,0.0975,0.496,90.924,4,east
spotify:track:6Tsu3OsuMz4KEGKbOYd6A0,Hypnotize - 2007 Remaster,Greatest Hits,The Notorious B.I.G.,2007-03-02,230000,71,TRUE,warriorkid3000,2021-09-29T03:44:23Z,"old school hiphop,gangsterrap,east coast hiphop,hiphop",Bad Boy Records,0.895,0.694,9,-4.384,1,0.275,0.176,0,0.292,0.632,93.944,4,east
spotify:track:2g8HN35AnVGIk7B8yMucww,Big Poppa - 2005 Remaster,Ready to Die (The Remaster),The Notorious B.I.G.,1994-09-13,252746,81,TRUE,warriorkid3000,2021-09-29T03:38:52Z,"old school hiphop,gangsterrap,east coast hiphop,hiphop",Bad Boy Records,0.78,0.575,9,-7.247,0,0.273,0.43,0,0.143,0.773,84.492,4,east
spotify:track:2g8HN35AnVGIk7B8yMucww,Big Poppa - 2005 Remaster,Ready to Die (The Remaster),The Notorious B.I.G.,1994-09-13,252746,81,TRUE,m-airon,2019-04-04T23:52:24Z,"old school hiphop,gangsterrap,east coast hiphop,hiphop",Bad Boy Records,0.78,0.575,9,-7.247,0,0.273,0.43,0,0.143,0.773,84.492,4,east
spotify:track:7N1Vjtzr1lmmCW9iasQ8YO,Survival of the Fittest,The Infamous,Mobb Deep,1995-04-25,224533,71,TRUE,m-airon,2020-01-09T18:49:44Z,"old school hiphop,east coast hiphop,hardcore hiphop,hiphop,gangsterrap",RCA Records Label,0.813,0.703,11,-5.077,0,0.268,0.125,1.26e-6,0.237,0.241,94.828,4,east
spotify:track:4RY96Asd9IefaL3X4LOLZ8,In Da Club,Get Rich Or Die Tryin',50 Cent,2003-02-06,193466,76,TRUE,warriorkid3000,2021-09-29T03:46:38Z,"old school hiphop,east coast hiphop",Shady Records,0.904,0.72,6,-2.776,0,0.348,0.259,0,0.0749,0.805,90.062,4,east
spotify:track:2jpd11oy0FGFebu6BpKSse,"4,3,2,1",Phenomenon,LL COOL J;Method Man;Redman;DMX;Cannibus,1997-01-01,256626,49,TRUE,m-airon,2022-03-27T20:37:31Z,"old school hiphop,east coast hiphop,hiphop,hardcore hiphop",Def Jam Recordings,0.68,0.764,6,-6.574,1,0.523,0.087,0,0.0978,0.789,99.309,4,east
spotify:track:6C7ZgThn6Yan5MTZdAEEFw,Mama Said Knock You Out,Mama Said Knock You Out,LL COOL J,1990-08-27,289693,63,TRUE,m-airon,2022-03-27T08:37:15Z,"old school hiphop,east coast hiphop",LL Cool J.,0.791,0.759,10,-7.378,0,0.129,0.0314,0.674,0.255,0.619,102.382,4,east
spotify:track:5gHkG9liVCQksaArA7OlYi,Crazy,God's Plan,50 Cent;DJ Whoo Kid,2006-10-10,106426,0,FALSE,m-airon,2022-04-13T11:43:36Z,"old school hiphop,east coast hiphop",BCD Music Group,0.568,0.726,6,-9.144,0,0.468,0.0179,0,0.049,0.795,94.623,4,east
spotify:track:0LvwrCJtecLr9mnS0h0k7U,Where The Hood At,The Best Of DMX,DMX,2010-01-01,287426,1,TRUE,warriorkid3000,2021-09-29T03:48:26Z,"east coast hiphop,old school hiphop,hardcore hiphop",Universal Music Group,0.494,0.943,5,-3.704,0,0.363,0.156,0,0.335,0.797,185.982,4,east
spotify:track:6bUNEbXT7HovLW6BgPCBsb,Roses,Speakerboxxx/The Love Below,Outkast,2003,369573,73,TRUE,m-airon,2022-03-27T15:33:42Z,"dirty south rap,hiphop",Arista,0.751,0.708,0,-5.653,1,0.0545,0.0482,1.85e-5,0.107,0.509,108.97,4,east
spotify:track:0B8drtTSp68pZdkmVrG9ZA,Twinz (Deep Cover 98) (feat. Fat Joe),Capital Punishment,Big Pun;Fat Joe,1998-04-28,228173,67,TRUE,m-airon,2024-11-09T20:15:47Z,"east coast hiphop,old school hiphop,hardcore hiphop",LOUD Records,0.634,0.763,0,-7.216,1,0.323,0.32,3.4e-6,0.237,0.519,94.981,4,east
spotify:track:6904O7JrAxFybd4yu3Sz2V,Stop Being Greedy,It's Dark And Hell Is Hot,DMX,1998-05-01,216906,55,TRUE,m-airon,2022-04-15T17:19:45Z,"east coast hiphop,old school hiphop,hardcore hiphop",Def Jam Recordings,0.677,0.703,10,-5.986,0,0.215,0.00975,0,0.154,0.137,101.576,4,east
spotify:track:2KFg8kjYy0rYjWsXGhEQHN,Who Shot Ya? - 2005 Remaster,Ready to Die (The Remaster),The Notorious B.I.G.,1994-09-13,319360,67,TRUE,m-airon,2019-04-05T00:06:19Z,"old school hiphop,gangsterrap,east coast hiphop,hiphop",Bad Boy Records,0.831,0.682,7,-5.697,1,0.238,0.256,0,0.494,0.6,91.771,4,east
spotify:track:34FtO3yhuV4TD4u6axnyCL,Fall Back (feat. Kool G Rap),The Big Picture,Big L;Kool G Rap,2016-07-15,169133,52,TRUE,m-airon,2024-10-16T14:24:44Z,"east coast hiphop,old school hiphop,hardcore hiphop,boombap,hiphop,horrorcore",RBC Records,0.614,0.789,6,-5.475,0,0.318,0.0546,3.54e-5,0.239,0.556,100.997,4,east
spotify:track:4hjxVY7QYNDmOclMny7hVY,Dead Presidents II,Reasonable Doubt,JAŸ-Z,1996-06-25,266066,54,TRUE,m-airon,2022-03-27T17:28:40Z,"hiphop,east coast hiphop,rap",Roc-A-Fella,0.626,0.912,7,-8.758,0,0.426,0.174,1.08e-6,0.149,0.579,174.57,4,east
spotify:track:65b9yKBAWxOVXyeuQrGypA,Sneakers,Immobilarity,Raekwon,1999-11-15,181493,29,TRUE,m-airon,2024-11-11T17:48:22Z,"east coast hiphop,old school hiphop,hardcore hiphop,hiphop,boombap",Epic,0.854,0.784,10,-5.176,0,0.402,0.17,0,0.352,0.674,90.069,4,east
spotify:track:1kHPOtD1fo3kWOgcs0oisd,Verbal Intercourse (feat. Ghostface Killah & Nas),Only Built 4 Cuban Linx...,Raekwon;Ghostface Killah;Nas,1995,211840,46,TRUE,m-airon,2024-10-14T08:49:06Z,"east coast hiphop,old school hiphop,hardcore hiphop,hiphop,boombap",RCA Records Label,0.814,0.663,1,-7.446,1,0.355,0.296,3.39e-6,0.16,0.52,93.014,4,east
spotify:track:4Aujn3OS6bSqprR2UVGlfy,Yoke the Joker,Naughty By Nature,Naughty By Nature,1991-09-03,313640,43,TRUE,m-airon,2024-10-08T04:53:51Z,"old school hiphop,east coast hiphop","Tommy Boy Music, LLC",0.917,0.607,4,-15.522,0,0.325,0.003,0,0.116,0.651,94.063,4,east
spotify:track:3gkklhEyCpxAprP6mYc0jq,Da Heatwave,E Double,Erick Sermon;50 Cent;N.O.R.E.,2018-06-10,243426,29,TRUE,m-airon,2022-04-15T20:46:37Z,"east coast hiphop,old school hiphop,reggaeton",Def Squad,0.768,0.641,3,-8.177,1,0.464,0.171,0,0.148,0.88,92.679,4,east
spotify:track:3x6QCo3LClrqiJF19w8daE,Did You Ever Think (feat. Nas) - Remix - Radio Edit,The Essential R. Kelly,R. Kelly;Nas,2014-05-19,242533,43,TRUE,m-airon,2024-12-23T09:24:18Z,"r&b,old school hiphop,east coast hiphop,hiphop",Jive/Legacy,0.86,0.604,6,-5.841,0,0.185,0.221,5.12e-5,0.114,0.874,95.094,4,east
spotify:track:09wQdd0JQbkp9yKfRfwhjG,Got Ur Self A Gun,Stillmatic,Nas,2001-12-18,228626,54,TRUE,m-airon,2022-03-27T20:32:18Z,"old school hiphop,east coast hiphop,hiphop",Columbia,0.699,0.869,11,-4.263,0,0.238,0.0118,0,0.0982,0.616,93.612,4,east
spotify:track:53duuSwaLOZuIrELvZXqLH,Going Back to Cali - 2014 Remaster,Life After Death (2014 Remastered Edition),The Notorious B.I.G.,1997-03-04,307426,62,TRUE,m-airon,2025-09-17T05:26:03Z,"old school hiphop,gangsterrap,east coast hiphop,hiphop",Rhino Atlantic,0.851,0.647,9,-5.847,1,0.339,0.207,0,0.0447,0.596,99.17,4,east
spotify:track:5ByAIlEEnxYdvpnezg7HTX,Juicy - 2005 Remaster,Ready to Die (The Remaster),The Notorious B.I.G.,1994-09-13,302760,76,TRUE,warriorkid3000,2023-01-12T05:56:28Z,"old school hiphop,gangsterrap,east coast hiphop,hiphop",Bad Boy Records,0.889,0.818,9,-4.639,1,0.253,0.47,0,0.179,0.782,96.063,4,east
spotify:track:355RUwXtdecClzxv1zU98n,Juicy - 2005 Remaster,Ready to Die (The Remaster),The Notorious B.I.G.,1994-09-13,286000,57,FALSE,warriorkid3000,2021-10-01T19:22:56Z,"old school hiphop,gangsterrap,east coast hiphop,hiphop",Bad Boy Records,0.902,0.756,9,-4.547,1,0.28,0.417,0,0.0591,0.598,97.434,4,east
spotify:track:71hXKEDaKHgYrn7kdLFpOx,Dynamite!,Things Fall Apart,The Roots;Rehani Sayed,1999-02-23,285706,46,TRUE,m-airon,2022-03-27T20:53:18Z,"east coast hiphop,jazz rap,hiphop",Geffen,0.887,0.456,8,-7.956,0,0.298,0.0303,0,0.159,0.643,94.047,4,east
spotify:track:2io3tr0HmXMIGY06xnWb0J,"No Endz, No Skinz",Lifestylez Ov Da Poor & Dangerous,Big L,1995-03-28,208733,49,TRUE,m-airon,2024-11-11T18:38:16Z,"east coast hiphop,old school hiphop,hardcore hiphop,boombap,hiphop",Columbia,0.938,0.773,1,-6.804,1,0.231,0.0589,7.61e-4,0.182,0.716,100.305,4,east
spotify:track:63BcfK6YAzJYeISaTPr6IO,Big Poppa - 2007 Remaster,Greatest Hits,The Notorious B.I.G.,2007-03-02,249866,72,TRUE,m-airon,2024-10-12T17:24:13Z,"old school hiphop,gangsterrap,east coast hiphop,hiphop",Bad Boy Records,0.765,0.671,9,-5.249,0,0.278,0.344,0,0.0506,0.798,84.5,4,east
spotify:track:3tHbqNaaXituiTZjGRx5UV,Made You Look (feat. Jadakiss & Ludacris) - Remix,Made You Look (Remix) (feat. Jadakiss & Ludacris),Nas;Jadakiss;Ludacris,2002-09-10,211906,43,TRUE,m-airon,2024-11-11T12:21:41Z,"old school hiphop,east coast hiphop,hiphop,dirty south rap",Columbia/Legacy,0.602,0.941,1,-3.451,1,0.327,0.362,0,0.695,0.695,95.789,4,east
spotify:track:5LN1B9uVAVleCZ2euGarvi,MVP,Lifestylez Ov Da Poor & Dangerous,Big L,1995-03-28,218866,58,FALSE,m-airon,2024-11-11T18:36:55Z,"east coast hiphop,old school hiphop,hardcore hiphop,boombap,hiphop",Columbia,0.857,0.672,10,-5.934,0,0.16,0.0649,0,0.355,0.671,86.777,4,east
spotify:track:7bJ6lqDOQnfHq0V1o8TixL,How To Rob,Best Of 50 Cent,50 Cent;The Madd Rapper,2017-03-31,264320,48,TRUE,m-airon,2024-10-16T20:55:59Z,"old school hiphop,east coast hiphop",Aftermath/Shady,0.774,0.676,6,-8.476,0,0.304,0.0575,0,0.169,0.791,96.98,4,east
spotify:track:2n7h09QrGitVul66b2D8Re,Part II,How High,Method Man;Redman,2001-01-01,244600,60,TRUE,m-airon,2022-03-06T00:12:51Z,"east coast hiphop,old school hiphop,hiphop,hardcore hiphop",RAL (Rush Associated Label),0.775,0.837,10,-4.965,0,0.39,0.0383,0,0.315,0.806,95.86,4,east
spotify:track:2EpUHz5TqbAAQ8iweD75p6,The Enemy (feat. Fat Joe),The Big Picture,Big L;Fat Joe,2016-07-15,168013,65,TRUE,m-airon,2024-10-13T09:47:20Z,"east coast hiphop,old school hiphop,hardcore hiphop,boombap,hiphop",RBC Records,0.606,0.649,11,-8.372,1,0.392,0.115,1.9e-4,0.824,0.877,174.081,4,east
spotify:track:1rJM37Dd4OcSJvzI84yCcP,Fu-Gee-La,The Score (Expanded Edition),Fugees;Ms. Lauryn Hill;Wyclef Jean;Pras,1996-02-13,260066,68,TRUE,m-airon,2019-04-05T00:02:43Z,"east coast hiphop,neo soul,old school hiphop",Columbia,0.681,0.505,1,-11.709,1,0.138,0.137,0,0.234,0.399,89.953,4,east
spotify:track:1NHwvBmrUje4L1dxfWnXCH,Put Your Hands Where My Eyes Could See (feat. Jamal),When Disaster Strikes...,Busta Rhymes;Jamal,1997,194293,63,TRUE,m-airon,2024-12-30T13:16:34Z,"east coast hiphop,disco polo",Rhino/Elektra,0.906,0.623,1,-6.711,0,0.303,0.00864,4.19e-6,0.0753,0.715,99.498,4,east
spotify:track:0yX1VnMvtK1QNNHF3JQYMP,Keep It Thoro,H.N.I.C,Prodigy,2000-11-13,185773,43,TRUE,m-airon,2022-03-27T20:31:49Z,"east coast hiphop,old school hiphop",Epic,0.875,0.552,11,-6.484,0,0.3,0.0414,0,0.296,0.794,88.867,4,east
spotify:track:0svl7cK07gK1ia5ainczU5,Break Ya Neck,Genesis,Busta Rhymes,2001-11-13,231240,3,TRUE,m-airon,2019-04-04T23:57:45Z,east coast hiphop,J Records,0.82,0.809,4,-6.759,0,0.251,0.443,0.00175,0.0613,0.737,83.011,4,east
spotify:track:2mehHNForRahnPueLQAgfv,Next Level - Nyte Time Mix,Goodfellas,Showbiz & A.G.,1995-01-01,249933,47,TRUE,m-airon,2024-10-16T13:01:55Z,"east coast hiphop,boombap,old school hiphop",Island Records,0.87,0.498,11,-12.095,0,0.29,6.71e-4,3.89e-4,0.0551,0.489,92.887,4,east
spotify:track:2eOuL8KesslTLQERQPu11D,Bad Boy for Life,The Saga Continues...,Diddy;Black Rob;Mark Curry,2001,253066,62,TRUE,m-airon,2022-03-06T00:09:50Z,"hiphop,east coast hiphop,old school hiphop",Bad Boy Records,0.669,0.829,1,-3.801,1,0.49,0.179,0,0.241,0.61,118.934,4,east
spotify:track:4wwRROf47MXBX5u5Knwixx,We Trying to Stay Alive (feat. John Forté & Pras),Wyclef Jean presents The Carnival featuring Refugee Allstars (feat. Refugee All Stars),Wyclef Jean;John Forte;Pras,1997-06-24,191533,61,FALSE,m-airon,2025-01-01T14:34:05Z,old school hiphop,Ruffhouse/Columbia,0.87,0.614,1,-8.694,1,0.251,0.00564,5.95e-5,0.123,0.644,98.931,4,east
spotify:track:7KwZNVEaqikRSBSpyhXK2j,Hypnotize - 2014 Remaster,Life After Death (2014 Remastered Edition),The Notorious B.I.G.,1997-03-04,229826,83,TRUE,m-airon,2019-04-05T00:06:02Z,"old school hiphop,gangsterrap,east coast hiphop,hiphop",Rhino Atlantic,0.901,0.697,9,-3.439,1,0.28,0.145,0,0.287,0.67,93.941,4,east
spotify:track:6zsk6uF3MxfIeHPlubKBvR,Get Ur Freak On,Miss E... So Addictive,Missy Elliott,2001-05-14,211120,70,TRUE,m-airon,2022-08-13T14:08:50Z,hiphop,Atlantic Records/ATG,0.797,0.75,0,-9.369,1,0.247,0.533,0.108,0.095,0.74,177.87,4,east
spotify:track:1JkrWCnQrSZpNRxpAMXzlW,Got To Have It,4:21...The Day After,Method Man,2006-01-01,253786,57,TRUE,m-airon,2022-03-27T08:41:33Z,"east coast hiphop,old school hiphop,hiphop,hardcore hiphop",Def Jam Recordings,0.596,0.541,4,-8.026,1,0.418,0.102,0,0.145,0.851,95.752,4,east
spotify:track:5HdZE8e4PPwEvDZuhJlfFg,The Ruler's Back,The Blueprint (Explicit Version),JAŸ-Z,2001-09-11,228626,48,TRUE,m-airon,2022-03-27T17:28:13Z,"hiphop,east coast hiphop,rap",Roc-A-Fella,0.51,0.721,2,-6.97,1,0.413,0.00655,1.82e-6,0.0362,0.416,92.163,4,east
spotify:track:0P6NVvZjbbhhDFWlfCdIUQ,Heat,Get Rich Or Die Tryin' (Explicit UK Version),50 Cent,2003-02-06,254893,0,TRUE,warriorkid3000,2021-09-29T03:52:35Z,"old school hiphop,east coast hiphop",Polydor Associated Labels,0.508,0.967,6,-2.777,0,0.568,0.267,0,0.361,0.679,81.167,4,east
spotify:track:1xZdjsAGrY4BUIbIlYy3EX,Strictly Business,Strictly Business,EPMD,1988-06-07,285413,46,FALSE,m-airon,2019-04-05T00:02:05Z,"old school hiphop,east coast hiphop,hiphop",Priority Records,0.712,0.895,10,-4.212,0,0.255,0.18,1.81e-5,0.108,0.727,96.339,4,east
spotify:track:1Z7C8ClE8UEaH70jCCeJH2,Ten Crack Commandments - 2014 Remaster,Life After Death (2014 Remastered Edition),The Notorious B.I.G.,1997-03-04,204026,65,TRUE,m-airon,2024-10-23T05:54:06Z,"old school hiphop,gangsterrap,east coast hiphop,hiphop",Rhino Atlantic,0.612,0.85,1,-4.703,1,0.5,0.0393,0,0.255,0.781,173.497,4,east
spotify:track:7zwNX8it4VPcycl8QUYiVp,React,Shut 'Em Down,Onyx,1998-06-02,249760,34,TRUE,m-airon,2022-04-15T20:44:38Z,"east coast hiphop,hardcore hiphop,old school hiphop",Def Jam Recordings,0.908,0.785,1,-9.078,1,0.341,0.00998,0,0.366,0.658,104.491,4,east
spotify:track:67ncYmW29pNJJY2yXuLPwT,You Know How We Do It,Greatest Hits,Ice Cube,2001-12-04,232786,69,TRUE,warriorkid3000,2021-09-29T03:38:11Z,"old school hiphop,gangsterrap,west coast hiphop,g funk,hiphop",Priority Records,0.743,0.651,10,-6.269,0,0.0343,0.0231,0.00388,0.0851,0.543,92.876,4,west
spotify:track:7y9yjpRtZajYzVpXHRjwGz,No More ?'s,Eazy-Duz-It,Eazy-E,1988-09-13,234360,71,TRUE,warriorkid3000,2021-09-29T03:38:21Z,"old school hiphop,gangsterrap,west coast hiphop,g funk",FRONTLINE CATALOG (P81),0.935,0.805,7,-4.782,1,0.225,0.0143,1.53e-6,0.298,0.624,105.641,4,west
spotify:track:09b84uwrksszAvJwM6J28L,A Bitch Iz A Bitch,Express Yourself,N.W.A.,1989-03-27,190600,55,TRUE,warriorkid3000,2023-09-20T03:46:09Z,"old school hiphop,gangsterrap,west coast hiphop,hiphop,rap,g funk",Priority Records,0.905,0.548,4,-8.131,1,0.381,0.038,0,0.34,0.794,97.235,4,west
spotify:track:2qOm7ukLyHUXWyR4ZWLwxA,It Was A Good Day,The Predator,Ice Cube,1992-11-17,260000,80,TRUE,warriorkid3000,2021-09-29T03:38:36Z,"old school hiphop,gangsterrap,west coast hiphop,g funk,hiphop",Priority Records,0.798,0.744,7,-5.328,0,0.136,0.33,1.06e-4,0.292,0.794,82.356,4,west
spotify:track:0WKYRFtH6KKbaNWjsxqm70,Gin And Juice (feat. Dat Nigga Daz),Doggystyle,Snoop Dogg;Daz Dillinger,1993,211493,2,TRUE,warriorkid3000,2021-09-29T03:49:04Z,"g funk,west coast hiphop,gangsterrap,old school hiphop,hiphop,rap",Death Row Records,0.549,0.853,7,-4.293,1,0.188,0.0285,2.96e-4,0.618,0.346,94.695,4,west
spotify:track:3yNVfRQlUPViUh8O2V9SQn,Just a Friend,Biz's Baddest Beats: The Best of Biz Markie,Biz Markie,1994-08-07,238266,57,FALSE,warriorkid3000,2021-09-29T03:39:10Z,"old school hiphop,east coast hiphop",Rhino,0.862,0.663,0,-9.004,1,0.21,0.12,0,0.318,0.837,85.308,4,west
spotify:track:20fBuVybkHgjF6vNhSMROD,Ambitionz Az A Ridah,All Eyez On Me,2Pac,1996,278386,1,TRUE,warriorkid3000,2021-09-29T03:39:14Z,"old school hiphop,gangsterrap,west coast hiphop,g funk,hiphop",Death Row Records,0.801,0.908,2,-6.554,1,0.221,0.00253,6.55e-4,0.0698,0.805,87.279,4,west
spotify:track:2xTft6GEZeTyWNpdX94rkf,All Eyez On Me,All Eyez On Me,2Pac,1996-02-13,307773,3,TRUE,warriorkid3000,2021-09-29T03:39:21Z,"old school hiphop,gangsterrap,west coast hiphop,g funk,hiphop",Death Row Records,0.873,0.719,1,-5.948,1,0.248,0.03,0,0.333,0.858,93.281,4,west
spotify:track:0Z2J91b2iTGLVTZC4fKgxf,Hit 'Em Up - Single Version,Greatest Hits,2Pac;Outlawz,1998-01-01,312626,83,TRUE,warriorkid3000,2023-06-12T04:05:46Z,"old school hiphop,gangsterrap,west coast hiphop,g funk,hiphop",2Pac Greatest Hits,0.916,0.844,7,-3.967,1,0.236,0.0394,0,0.0778,0.586,95.19,4,west
spotify:track:3bA5Xfk5JyPGtBh00GX8Gk,"Ain't No Fun (If the Homies Cant Have None) (feat. Nate Dogg, Warren G & Kurupt)",Doggystyle,Snoop Dogg;Kurupt;Warren G;Nate Dogg,1993,246346,0,TRUE,warriorkid3000,2021-09-29T03:39:38Z,"g funk,west coast hiphop,gangsterrap,old school hiphop,hiphop,rap",Death Row Records,0.84,0.798,8,-5.079,1,0.0699,0.045,4.32e-5,0.172,0.695,100.175,4,west
spotify:track:0I3q5fE6wg7LIfHGngUTnV,Ms. Jackson,Stankonia,Outkast,2000-10-31,270506,84,TRUE,warriorkid3000,2021-09-29T03:40:23Z,"dirty south rap,hiphop",Arista/LaFace Records,0.843,0.806,4,-5.946,0,0.269,0.143,0,0.0771,0.613,94.948,4,west
spotify:track:3JdyhQORbJkCWT8xfLd8gD,Boyz-N-The-Hood - Remix,Eazy-Duz-It,Eazy-E;Ice Cube;DJ Yella,1988-09-13,379733,63,TRUE,warriorkid3000,2021-09-29T03:40:34Z,"old school hiphop,gangsterrap,west coast hiphop,g funk,hiphop,hyphy",FRONTLINE CATALOG (P81),0.837,0.692,7,-4.251,1,0.337,0.0383,0,0.212,0.805,87.775,4,west
spotify:track:4LwU4Vp6od3Sb08CsP99GC,The Next Episode,2001,Dr. Dre;Snoop Dogg,1999-11-16,161506,81,TRUE,warriorkid3000,2021-09-29T03:40:40Z,"old school hiphop,g funk,gangsterrap,west coast hiphop,hiphop,rap",Aftermath,0.922,0.909,10,-2.429,0,0.27,0.0281,0,0.0856,0.309,95.295,4,west
spotify:track:0XRbYXQUymj9SJkrr8YK5B,Keep Ya Head Up,Strictly 4 My N.I.G.G.A.Z...,2Pac,1993-02-16,262506,69,TRUE,warriorkid3000,2021-09-29T03:40:48Z,"old school hiphop,gangsterrap,west coast hiphop,g funk,hiphop",Interscope,0.598,0.732,4,-7.013,1,0.425,0.144,0,0.508,0.595,172.329,4,west
spotify:track:6KIKRz9eSTXdNsGUnomdtW,Straight Outta Compton,Straight Outta Compton,N.W.A.,1988-08-08,258687,70,TRUE,warriorkid3000,2021-09-29T03:43:31Z,"old school hiphop,gangsterrap,west coast hiphop,hiphop,rap,g funk",Priority Records,0.834,0.878,8,-9.484,1,0.15,0.0461,0,0.334,0.418,102.848,4,west
spotify:track:7sPt2cfrg7DrVP52zfvS1i,Gin N Juice (feat. Dat Nigga Daz),Doggystyle,Snoop Dogg;Daz Dillinger,1993,211493,1,TRUE,warriorkid3000,2021-09-29T03:43:37Z,"g funk,west coast hiphop,gangsterrap,old school hiphop,hiphop,rap",Death Row Records,0.549,0.853,7,-4.293,1,0.188,0.0285,2.96e-4,0.618,0.346,94.695,4,west
spotify:track:2eU63GLRBeMOszGRTCEE9E,California Love - Original Version,2Pac Greatest Hits (Explicit Version),2Pac;Roger;Dr. Dre,1998-01-01,284906,1,TRUE,warriorkid3000,2021-09-29T03:44:08Z,"old school hiphop,gangsterrap,west coast hiphop,g funk,hiphop,funk,post-disco,rap",Universal Music Group,0.761,0.835,7,-3.076,1,0.0425,0.031,1.44e-6,0.387,0.766,91.524,4,west
spotify:track:20LxTsa6936zOlzTWqoPVt,The Next Episode,2001 (Explicit Version),Dr. Dre;Snoop Dogg,1999-11-16,161600,3,TRUE,warriorkid3000,2021-09-29T03:44:38Z,"old school hiphop,g funk,gangsterrap,west coast hiphop,hiphop,rap",Universal Music Group,0.92,0.891,3,-2.398,0,0.253,0.0313,0,0.083,0.311,95.295,4,west
spotify:track:3QHPHLAkYV5cQBUYs6rowx,Gold Digger,Late Registration,Kanye West;Jamie Foxx,2005-01-01,207626,66,TRUE,warriorkid3000,2021-09-29T03:45:02Z,rap,Roc-A-Fella,0.629,0.696,1,-5.572,0,0.348,0.0195,0,0.0554,0.623,93.034,4,west
spotify:track:3u9fHuAtjMY1RW2mZfO4Cf,Gangsta's Paradise (feat. L.V.),Gangsta's Paradise,Coolio;L.V.,1995-11-07,241933,3,FALSE,warriorkid3000,2021-09-29T03:45:12Z,"west coast hiphop,g funk",Rhino,0.641,0.63,8,-6.393,1,0.0521,0.0372,0,0.4,0.415,79.955,4,west
spotify:track:7vfvZp6KZJpxiaW6rI9ieM,I Got 5 On It,Yukmouth Presents: 420,Luniz,2010-04-20,253533,26,TRUE,warriorkid3000,2021-09-29T03:46:30Z,"g funk,west coast hiphop,old school hiphop",EMPIRE Distribution,0.583,0.692,10,-7.932,0,0.362,0.193,0,0.121,0.595,174.141,4,west
spotify:track:2NBQmPrOEEjA8VbeWOQGxO,Drop It Like It's Hot,R&G (Rhythm & Gangsta): The Masterpiece,Snoop Dogg;Pharrell Williams,2004-01-01,266066,77,TRUE,warriorkid3000,2021-09-29T03:46:42Z,"g funk,west coast hiphop,gangsterrap,old school hiphop,hiphop,rap",Geffen,0.888,0.632,1,-3.872,1,0.219,0.19,0,0.101,0.662,91.979,4,west
spotify:track:2Dts49OexROL2KvCK2sokf,What's The Difference,2001 (Explicit Version),Dr. Dre;Eminem;Xzibit,1999-11-16,244266,1,TRUE,warriorkid3000,2021-09-29T03:46:48Z,"old school hiphop,g funk,gangsterrap,west coast hiphop,hiphop,rap,hardcore hiphop",Universal Music Group,0.782,0.819,11,-0.158,0,0.251,0.252,0,0.133,0.725,91.824,4,west
spotify:track:4rc9kQ6qyssElIccFJgbJb,My Name Is,Curtain Call (Deluxe),Eminem,2005-12-06,268853,0,TRUE,warriorkid3000,2021-09-29T03:47:50Z,"rap,hiphop",Universal Music Group,0.882,0.678,1,-6.165,1,0.312,0.0427,0,0.118,0.809,85.491,4,west
spotify:track:4LujRMTMwAfFKjm45tixHY,Straight Outta Compton,Straight Outta Compton (2002 - Remaster),N.W.A.,1988-08-08,259226,0,TRUE,warriorkid3000,2021-09-29T03:48:32Z,"old school hiphop,gangsterrap,west coast hiphop,hiphop,rap,g funk",Priority Records,0.831,0.935,8,-6.02,1,0.197,0.0374,0,0.33,0.367,102.836,4,west
spotify:track:5XhkV07Vou38wnrzwURUOC,Who Am I (What's My Name)?,Doggystyle,Snoop Dogg,1993,246320,2,TRUE,warriorkid3000,2021-09-29T03:49:10Z,"g funk,west coast hiphop,gangsterrap,old school hiphop,hiphop,rap",Death Row Records,0.692,0.833,7,-3.974,1,0.0492,1.36e-4,1.98e-5,0.515,0.692,96.814,4,west
spotify:track:4rLpAOk5KVNcqEMK3m6Lje,"Ain't No Fun (If the Homies Cant Have None) (feat. Nate Dogg, Warren G & Kurupt)",Doggystyle,Snoop Dogg;Kurupt;Nate Dogg;Warren G,1993,246346,0,TRUE,warriorkid3000,2021-09-29T03:49:20Z,"g funk,west coast hiphop,gangsterrap,old school hiphop,hiphop,rap",Death Row Records,0.84,0.798,8,-5.079,1,0.0699,0.045,4.32e-5,0.172,0.695,100.175,4,west
spotify:track:5n8Aro6j1bEGIy7Tpo7FV7,Fuck Tha Police,Straight Outta Compton,N.W.A.,1988-08-08,345717,70,TRUE,warriorkid3000,2021-09-29T03:49:31Z,"old school hiphop,gangsterrap,west coast hiphop,hiphop,rap,g funk",Priority Records,0.859,0.75,8,-8.325,0,0.303,0.0193,0,0.0538,0.857,98.691,4,west
spotify:track:0Zh5U48tZNeAzzLTV1CVBE,Forgot About Dre,2001 (Explicit Version),Dr. Dre;Eminem,1999-11-16,222240,4,TRUE,warriorkid3000,2021-09-29T03:50:00Z,"old school hiphop,g funk,gangsterrap,west coast hiphop,hiphop,rap",Universal Music Group,0.925,0.737,8,-1.292,1,0.0777,0.092,0,0.169,0.603,133.946,4,west
spotify:track:6ltPEsP4edATzvinHOzvk2,Still D.R.E.,2001 (Explicit Version),Dr. Dre;Snoop Dogg,1999-11-16,268004,5,TRUE,warriorkid3000,2021-09-29T03:50:13Z,"old school hiphop,g funk,gangsterrap,west coast hiphop,hiphop,rap",Universal Music Group,0.814,0.779,11,-3.271,1,0.235,0.175,6.71e-4,0.0605,0.544,93.43,4,west
spotify:track:5FvlQZTm4eOGeUiAB1bKc9,No Vaseline,Death Certificate (25th Anniversary Edition),Ice Cube,2017-06-09,313053,0,TRUE,warriorkid3000,2021-09-29T03:50:24Z,"old school hiphop,gangsterrap,west coast hiphop,g funk,hiphop",Cubevision JV New Agreements,0.777,0.957,11,-3.201,0,0.319,0.179,0,0.296,0.543,105.756,4,west
spotify:track:4SZ3B3y1TbwTK4OIXMOVEy,Boyz-N-The-Hood,The Best Of N.W.A: The Strength Of Street Knowledge,Eazy-E,2006-01-01,336960,0,TRUE,warriorkid3000,2021-09-29T03:50:30Z,"old school hiphop,gangsterrap,west coast hiphop,g funk",Priority Records,0.792,0.503,8,-8.359,1,0.276,0.0198,0,0.347,0.663,87.847,4,west
spotify:track:7lQ8MOhq6IN2w8EYcFNSUk,Without Me,The Eminem Show,Eminem,2002-05-26,290320,88,TRUE,warriorkid3000,2021-09-29T03:51:39Z,"rap,hiphop",Eminem Catalog PS,0.908,0.669,7,-2.827,1,0.0738,0.00286,0,0.237,0.662,112.238,4,west
spotify:track:1dWimOlV5KUHDerWZVDv5l,My Name Is,Curtain Call: The Hits (Deluxe Edition),Eminem,2005-12-06,268853,51,TRUE,warriorkid3000,2021-09-29T03:51:46Z,"rap,hiphop",Eminem Catalog PS,0.846,0.676,5,-6.155,0,0.33,0.0449,1.02e-6,0.112,0.817,85.437,4,west
spotify:track:5v8F7GFQgmCESBpPFbC9DN,The Real Slim Shady,Curtain Call: The Hits (Deluxe Edition),Eminem,2005-12-06,284800,48,TRUE,warriorkid3000,2021-09-29T03:52:02Z,"rap,hiphop",Eminem Catalog PS,0.95,0.651,5,-4.226,0,0.0547,0.0337,0,0.0424,0.777,104.495,4,west
spotify:track:6u68nH5R3hyc94XImtFDfc,21 Questions,Get Rich Or Die Tryin' (Explicit UK Version),50 Cent;Nate Dogg,2003-02-06,224426,0,TRUE,warriorkid3000,2021-09-29T03:52:13Z,"old school hiphop,east coast hiphop,g funk,west coast hiphop",Polydor Associated Labels,0.608,0.821,6,-3.939,0,0.337,0.356,2.9e-4,0.0464,0.896,84.53,4,west
spotify:track:33zmZuUrpdbwgXL0U8ylIl,Hit 'Em Up - Single Version (Explicit),2Pac Greatest Hits (Explicit Version),2Pac;Outlawz,1998-11-24,312626,0,TRUE,warriorkid3000,2021-09-29T03:52:27Z,"old school hiphop,gangsterrap,west coast hiphop,g funk,hiphop",Digital,0.923,0.85,7,-4.026,1,0.248,0.0468,0,0.083,0.61,95.195,4,west
spotify:track:13AvIMuWOBUWGBhWGIHb6N,Friday,Friday (Original Motion Picture Soundtrack),Ice Cube,1995-04-11,229826,53,TRUE,warriorkid3000,2021-09-29T03:52:58Z,"old school hiphop,gangsterrap,west coast hiphop,g funk,hiphop",FRONTLINE CATALOG (P81),0.693,0.759,11,-4.184,1,0.0631,0.0694,4.39e-6,0.154,0.63,186.047,4,west
spotify:track:7jIujRjK5JKNrMCcAvYUTN,Keep Their Heads Ringin',Friday (Original Motion Picture Soundtrack),Dr. Dre,1995-04-11,305573,66,TRUE,warriorkid3000,2021-09-29T03:53:02Z,"old school hiphop,g funk,gangsterrap,west coast hiphop,hiphop,rap",FRONTLINE CATALOG (P81),0.672,0.777,9,-4.238,0,0.0956,0.0379,0.00141,0.159,0.238,90.575,4,west
spotify:track:53BZ6XygAoubR5DU5w38Vq,Real Muthaphuckkin' G's,Gangsta Memorial,Eazy-E,2007-01-01,332733,61,TRUE,warriorkid3000,2021-09-29T03:53:08Z,"old school hiphop,gangsterrap,west coast hiphop,g funk",Priority Records,0.724,0.853,11,-3.895,0,0.283,0.0164,0,0.65,0.775,170.51,4,west
spotify:track:2g9E9UyZ3pdJ1eqUQW0tfQ,Xxplosive,2001 (Explicit Version),Dr. Dre;Hittman;Six-Two;Nate Dogg;Kurupt,1999-11-16,215266,0,TRUE,warriorkid3000,2021-09-29T03:53:20Z,"old school hiphop,g funk,gangsterrap,west coast hiphop,hiphop,rap",Universal Music Group,0.767,0.881,1,-4.359,1,0.109,0.191,8.29e-6,0.139,0.939,169.049,4,west
spotify:track:52IuMfbQa9aqRPz2oYPAI8,Express Yourself,Straight Outta Compton,N.W.A.,1988-08-08,265101,60,TRUE,warriorkid3000,2021-09-29T03:53:26Z,"old school hiphop,gangsterrap,west coast hiphop,hiphop,rap,g funk",Priority Records,0.851,0.583,8,-11.022,0,0.286,0.0506,0,0.236,0.956,95.048,4,west
spotify:track:2mpFm3f7QmdsVtSAIICEB7,Candy Shop,The Massacre,50 Cent;Olivia,2005-03-03,208533,0,TRUE,warriorkid3000,2021-09-29T03:54:01Z,"old school hiphop,east coast hiphop",Interscope,0.609,0.588,7,-7.992,1,0.481,0.0305,1.42e-4,0.369,0.797,128.763,5,west
spotify:track:5YGLiu7ebWcnqoghFBk3yy,Appetite For Destruction,The Best Of N.W.A: The Strength Of Street Knowledge,N.W.A.,2006-01-01,188573,0,TRUE,warriorkid3000,2021-09-29T03:54:27Z,"old school hiphop,gangsterrap,west coast hiphop,hiphop,rap,g funk",Priority Records,0.83,0.795,7,-7.644,1,0.181,0.0348,1.08e-6,0.0864,0.402,105.525,4,west
spotify:track:1kFyVRbMT4JJynQgTFWKZj,What You Wanna Do?,South Central Los Skanless,Kausion;Gonzoe,1995-06-01,250320,0,TRUE,warriorkid3000,2021-09-29T03:54:59Z,"g funk,west coast hiphop,gangsterrap,old school hiphop",Blocwize Ent. / Rapbay / Urbanlife Music,0.822,0.81,1,-5,1,0.236,0.11,0,0.352,0.917,103.605,4,west
spotify:track:6S1oHrwjeF66VRUl1b76P6,C-Walk,Kuruption!,Kurupt;Tray Dee;Slip Capone,1998-10-06,311666,51,TRUE,warriorkid3000,2021-09-29T03:55:04Z,"g funk,west coast hiphop,gangsterrap,old school hiphop",A&M,0.913,0.444,0,-8.718,1,0.249,0.0281,4.17e-5,0.0626,0.628,94.984,4,west
spotify:track:5UQOmTylBEdsIfSn37v3DO,Straight Up Menace,The Best of MC Eiht,MC Eiht,2010-09-21,274306,0,TRUE,warriorkid3000,2021-09-29T03:55:10Z,"west coast hiphop,g funk,gangsterrap",Legacy Recordings,0.756,0.53,7,-9.639,1,0.142,0.00138,0.00701,0.323,0.524,79.855,4,west
spotify:track:1pOIpxfrQ8AszXZdKR3aH3,Gangsta Gangsta,Straight Outta Compton,N.W.A.,1988-08-08,336917,63,TRUE,warriorkid3000,2021-09-29T03:55:17Z,"old school hiphop,gangsterrap,west coast hiphop,hiphop,rap,g funk",Priority Records,0.894,0.698,6,-8.264,0,0.275,0.0279,3.56e-6,0.329,0.695,98.104,4,west
spotify:track:63BokRfXSQhEU6Qi2dSJpZ,Mind Playing Tricks on Me,We Can't Be Stopped,Geto Boys,1991-07-02,308733,3,TRUE,warriorkid3000,2021-09-29T03:55:25Z,"old school hiphop,dirty south rap,gangsterrap,g funk,hardcore hiphop,horrorcore",Rap-A-Lot Records,0.886,0.512,10,-11.825,0,0.237,0.207,0,0.0991,0.454,93.997,4,west
spotify:track:2rwmKpWW6o6anOhvcyiJOw,Nothin' But The Cavi Hit,Best Of Mack 10,Mack 10;Tha Dogg Pound,2007-01-01,241360,54,TRUE,warriorkid3000,2021-09-29T03:55:30Z,"g funk,west coast hiphop,gangsterrap,old school hiphop",Priority Records,0.852,0.741,1,-5.435,0,0.134,0.0247,0.00106,0.0974,0.535,97.894,4,west
spotify:track:1dF5Y2dd7Wm4wZKvVjWBpr,1st of Tha Month,E. 1999 Eternal,Bone Thugs-N-Harmony,1995-07-25,314680,65,TRUE,warriorkid3000,2021-09-29T03:56:47Z,"gangsterrap,old school hiphop,g funk",Ruthless Records,0.729,0.581,5,-8.235,0,0.18,0.0777,3.81e-6,0.696,0.508,74.038,4,west
spotify:track:76Ceb3pvgGsZb40pSIrSMH,The Murda Show (with MC Eiht),Best Of Spice 1,Spice 1;MC Eiht,1998-10-29,267706,40,TRUE,warriorkid3000,2021-09-29T03:56:52Z,"west coast hiphop,g funk,gangsterrap,old school hiphop",Jive,0.761,0.721,11,-6.91,0,0.264,0.00523,0.0277,0.0768,0.789,89.858,4,west
spotify:track:2Vpj5colB0MPy3Zg5SITEC,Bow Down,Bow Down,Westside Connection,1996-10-22,206826,59,TRUE,warriorkid3000,2021-09-29T03:56:56Z,"west coast hiphop,g funk,gangsterrap,old school hiphop",Priority Records,0.897,0.458,9,-11.01,1,0.279,0.0208,0,0.419,0.513,92.928,4,west
spotify:track:287tdUcso07UAu5jxXB2BQ,Afro Puffs,Above The Rim,The Lady Of Rage,2001,288333,0,TRUE,warriorkid3000,2021-09-29T03:57:03Z,"g funk,west coast hiphop,old school hiphop,gangsterrap",Death Row Records,0.799,0.876,10,-3.661,0,0.242,0.0424,1.08e-6,0.308,0.525,91.35,4,west
spotify:track:679RG1vQ3m1liChyglObX9,We Roll Deep,Ear To The Street,The Conscious Daughters,1993-11-30,260893,46,TRUE,warriorkid3000,2021-09-29T03:57:20Z,"g funk,west coast hiphop,old school hiphop",Guerrilla Funk Recordings,0.742,0.878,1,-7.1,1,0.252,0.191,0,0.088,0.789,83.691,4,west
spotify:track:4ixD6bSwnSlzuBrd2c80vI,Captain Save A Hoe,The Mail Man (Original Master Peace),E-40;The Click;Suga T;D-Shott;B-Legit,1993,288297,61,TRUE,warriorkid3000,2021-09-29T03:57:26Z,"hyphy,west coast hiphop,g funk,old school hiphop",Sick Wid It,0.8,0.336,7,-19.552,1,0.252,0.0579,0,0.223,0.538,82.996,4,west
spotify:track:2ImuQo1g14CTR9hZAZD3aQ,This D.J.,Regulate… G Funk Era,Warren G;O.G.L.B.,1994-06-07,203026,64,TRUE,warriorkid3000,2021-09-29T03:57:37Z,"g funk,west coast hiphop,old school hiphop,gangsterrap",Island Records,0.804,0.443,6,-10.268,0,0.134,0.0312,0.0225,0.112,0.58,92.035,4,west
spotify:track:623SXRZfjnTnvCAM0CT1CP,Played Like A Piano,At Your Own Risk,King Tee;Ice Cube;Breeze,1990-10-02,299026,49,TRUE,warriorkid3000,2021-09-29T03:57:43Z,"g funk,west coast hiphop,old school hiphop,gangsterrap,hiphop,happy hardcore",Capitol Records,0.902,0.534,11,-13.823,0,0.272,0.0171,0,0.0665,0.657,90.367,4,west
spotify:track:1ei4Cg4zYN2y17CAvjETSM,So You Want to Be a Gangster,Shorty The Pimp,Too $hort,1992-07-14,244506,49,TRUE,warriorkid3000,2021-09-29T03:57:51Z,"hyphy,west coast hiphop,g funk,old school hiphop,gangsterrap",Jive,0.687,0.373,2,-13.988,1,0.101,1.86e-4,0.0117,0.325,0.495,110.504,5,west
spotify:track:5xEm63lXBhJKZgjRDMWH3H,Dollaz + Sense,Safe + Sound,DJ Quik,1995,352906,55,TRUE,warriorkid3000,2021-09-29T03:57:56Z,"g funk,west coast hiphop,old school hiphop,gangsterrap",Arista,0.833,0.64,10,-5.674,0,0.22,0.0184,0,0.102,0.465,99.285,4,west
spotify:track:3NGT0Td7H4Is1qrlDQJxma,Check Yo Self - Remix,Bootlegs And B-Sides,Ice Cube;Das EFX,1994-11-22,273106,68,TRUE,warriorkid3000,2021-09-29T05:56:07Z,"old school hiphop,gangsterrap,west coast hiphop,g funk,hiphop,east coast hiphop,hardcore hiphop,boombap",Priority Records,0.934,0.735,1,-6.668,1,0.251,0.031,8.6e-6,0.107,0.768,101.368,4,west
spotify:track:6S5SJlNXgrUBTLa58NMwGk,2 Of Amerikaz Most Wanted,Greatest Hits,2Pac;Snoop Dogg,1998-01-01,246666,59,TRUE,warriorkid3000,2021-09-29T05:56:26Z,"old school hiphop,gangsterrap,west coast hiphop,g funk,hiphop,rap",2Pac Greatest Hits,0.853,0.876,1,-3.415,1,0.131,0.0426,0.00202,0.0548,0.845,99.236,4,west
spotify:track:377UbxXV2YEA28V4Go9aDw,Can't C Me,All Eyez On Me,2Pac,2005-03-08,330760,0,TRUE,warriorkid3000,2021-09-29T05:56:50Z,"old school hiphop,gangsterrap,west coast hiphop,g funk,hiphop",eOne Music,0.797,0.852,0,-2.234,1,0.172,0.0432,3.97e-6,0.409,0.674,95.416,4,west
spotify:track:7lgvU7WnwcNZ8dbGUz8yhP,Bitch Please II,The Marshall Mathers LP,Eminem;Dr. Dre;Snoop Dogg;Xzibit;Nate Dogg,2000-05-23,288200,72,TRUE,warriorkid3000,2021-09-29T05:56:58Z,"rap,hiphop,old school hiphop,g funk,gangsterrap,west coast hiphop,hardcore hiphop",Eminem Catalog PS,0.918,0.586,1,-2.89,1,0.133,0.0783,0,0.145,0.779,95.517,4,west
spotify:track:4fukZMkYV1JgJ68NegVLtN,Dope Man,N.W.A. And The Posse,N.W.A.,1987-01-01,378373,56,TRUE,warriorkid3000,2021-09-29T05:57:45Z,"old school hiphop,gangsterrap,west coast hiphop,hiphop,rap,g funk",Priority Records,0.773,0.735,11,-9.461,0,0.305,0.0288,0,0.19,0.818,176.415,4,west
spotify:track:5f7F8ovtEmFzOdyN5fTOKl,San Andreas Theme Song,San Andreas Original Mixtape,Young Maylay,2005-01-01,86546,0,TRUE,warriorkid3000,2021-10-01T15:52:56Z,NA,MAYLAYNIUM MUZIQ,0.52,0.836,5,-7.13,0,0.213,0.0164,0,0.19,0.486,96.855,4,west
spotify:track:04fX3oTJm5Zucg3Uf9aix0,Fuck Wit Dre Day (And Everybody's Celebratin'),The Chronic,Dr. Dre,1992-12-15,292186,0,TRUE,warriorkid3000,2021-10-01T19:19:23Z,"old school hiphop,g funk,gangsterrap,west coast hiphop,hiphop,rap",Death Row Records,0.75,0.706,7,-7.461,1,0.156,0.088,0,0.535,0.59,93.603,4,west
spotify:track:28SF0lKRqso9SSTDpbv991,Foe Life,Mack 10,Mack 10;Ice Cube,1995-01-01,253800,51,TRUE,warriorkid3000,2021-10-01T19:20:28Z,"g funk,west coast hiphop,gangsterrap,old school hiphop,hiphop",Priority Records,0.917,0.665,8,-6.053,1,0.0924,0.0816,0,0.196,0.808,91.082,4,west
spotify:track:4xkOaSrkexMciUUogZKVTS,Till I Collapse,The Eminem Show,Eminem;Nate Dogg,2002-05-26,297786,85,TRUE,warriorkid3000,2022-03-23T05:47:15Z,"rap,hiphop,g funk,west coast hiphop,old school hiphop",Eminem Catalog PS,0.548,0.847,1,-3.237,1,0.186,0.0622,0,0.0816,0.1,171.447,4,west
spotify:track:4voEoczU7Ijborps9XF1n3,I Get Around,Strictly 4 My N.I.G.G.A.Z...,2Pac;Digital Underground,1993-02-16,259000,67,TRUE,warriorkid3000,2022-03-23T05:50:32Z,"old school hiphop,gangsterrap,west coast hiphop,g funk,hiphop",Interscope,0.846,0.416,10,-13.767,0,0.118,0.156,9.34e-6,0.238,0.645,96.188,4,west
spotify:track:3vQir0wkIdLGq3Lc4V6J2y,Chin Check,The Best Of N.W.A: The Strength Of Street Knowledge,N.W.A.,2006-12-26,221373,64,TRUE,warriorkid3000,2023-01-12T05:56:19Z,"old school hiphop,gangsterrap,west coast hiphop,hiphop,rap,g funk",Priority Records,0.906,0.775,2,-5.775,1,0.268,0.0831,2.74e-5,0.15,0.838,100.054,4,west
spotify:track:5Sm1X46tna50RstHZvw072,Bitch Please,No Limit Top Dogg,Snoop Dogg;Xzibit,1999-01-01,234533,64,TRUE,warriorkid3000,2023-01-12T05:56:36Z,"g funk,west coast hiphop,gangsterrap,old school hiphop,hiphop,rap,hardcore hiphop",Priority Records,0.869,0.697,7,-4.639,1,0.187,0.00838,0,0.297,0.804,95.03,4,west
spotify:track:4AE7Lj39VnSZNOmGH2iZaq,Do For Love,R U Still Down? [Remember Me],2Pac,1997-01-01,281600,78,TRUE,warriorkid3000,2023-01-12T05:59:48Z,"old school hiphop,gangsterrap,west coast hiphop,g funk,hiphop",Interscope,0.874,0.63,1,-3.585,1,0.298,0.0578,0.00479,0.0582,0.717,95,4,west
spotify:track:306z41nX8H9JeLvdvQClwI,CEO,CEO,Snoop Dogg,2021-03-19,205170,33,TRUE,warriorkid3000,2023-01-14T05:49:39Z,"g funk,west coast hiphop,gangsterrap,old school hiphop,hiphop,rap",Doggy Style Records,0.844,0.59,1,-9.881,1,0.141,8.96e-5,0,0.111,0.216,102.01,4,west
spotify:track:5Tbpp3OLLClPJF8t1DmrFD,"Nuthin' But A ""G"" Thang",The Chronic,Dr. Dre;Snoop Dogg,1992-12-15,237573,77,TRUE,warriorkid3000,2023-04-28T04:25:30Z,"old school hiphop,g funk,gangsterrap,west coast hiphop,hiphop,rap","ARY, Inc. under exclusive license to Interscope Records",0.669,0.821,11,-4.37,0,0.29,0.00182,0,0.147,0.684,94.895,4,west
spotify:track:3AK1FxCiH9DQijxVHhW667,Deep Cover,Dr. Dre & Friends,Snoop Dogg;Dr. Dre,2003-11-24,252493,56,FALSE,warriorkid3000,2023-04-28T04:25:33Z,"g funk,west coast hiphop,gangsterrap,old school hiphop,hiphop,rap",K-Town Records,0.833,0.653,6,-7.28,1,0.231,0.0486,1.14e-6,0.362,0.381,95.037,4,west
spotify:track:5880eYQmXx3c3oD22IljIt,Why We Thugs,"Laugh Now, Cry Later",Ice Cube,2006-01-01,224106,64,TRUE,warriorkid3000,2023-04-28T04:25:54Z,"old school hiphop,gangsterrap,west coast hiphop,g funk,hiphop",Virgin Records,0.683,0.59,1,-5.423,1,0.458,0.326,0,0.148,0.653,100.892,4,west
spotify:track:5242G8xCFpKoUkzvvUKYIL,Gangsta Bitch,Apache Ain't Shit,Apache,1993-03-18,284066,44,TRUE,warriorkid3000,2023-04-28T04:25:59Z,old school hiphop,"Tommy Boy Music, LLC",0.873,0.487,7,-14.872,1,0.412,0.141,0,0.269,0.611,97.445,4,west
spotify:track:5RGXoZt1qxmAErdhbyKJKq,Boyz-N-The-Hood,N.W.A. And The Posse,Eazy-E,1987-01-01,339893,66,TRUE,warriorkid3000,2023-07-04T20:38:48Z,"old school hiphop,gangsterrap,west coast hiphop,g funk",Priority Records,0.785,0.479,3,-10.247,1,0.362,0.0417,3.5e-5,0.334,0.727,87.691,4,west
spotify:track:60uesDF4UyLUs61FgiDkdp,Hello,War & Peace Vol. 2 (The Peace Disc),Ice Cube;Dr. Dre;MC Ren,2000-02-29,232533,65,TRUE,warriorkid3000,2024-05-09T04:24:49Z,"old school hiphop,gangsterrap,west coast hiphop,g funk,hiphop,rap",EMI,0.903,0.61,10,-6.176,0,0.339,0.155,0,0.389,0.627,91.46,4,west
spotify:track:7sKt5Y2zJpYw78iAxndB8y,Only God Can Judge Me (ft. Rappin' 4-Tay),All Eyez On Me,2Pac;Rappin' 4-Tay,1996-02-13,296906,68,TRUE,warriorkid3000,2024-05-09T04:25:04Z,"old school hiphop,gangsterrap,west coast hiphop,g funk,hiphop,hyphy","Amaru Entertainment, Inc./Interscope Records",0.802,0.787,11,-6.009,0,0.206,0.00127,1.81e-4,0.0763,0.806,90.189,4,west
spotify:track:4FI0rdztOAYJZMupujL5Gp,Fuck You,2001,Dr. Dre;Devin The Dude;Snoop Dogg,1999-11-16,205453,64,TRUE,warriorkid3000,2024-09-27T04:34:34Z,"old school hiphop,g funk,gangsterrap,west coast hiphop,hiphop,rap,dirty south rap",Aftermath,0.876,0.573,0,-3.764,1,0.431,0.294,0,0.121,0.756,92.236,4,west
spotify:track:1ohwrBQrxIlqMYfkoYERiN,Eazy-Duz-It,Eazy-Duz-It,Eazy-E;Dr. Dre;MC Ren,1988-09-13,259493,62,TRUE,warriorkid3000,2024-09-27T04:34:37Z,"old school hiphop,gangsterrap,west coast hiphop,g funk,hiphop,rap",FRONTLINE CATALOG (P81),0.827,0.728,2,-3.912,1,0.307,0.0768,0,0.237,0.692,90.872,4,west
spotify:track:4IYKjN1DrYzxKXt0umJqsG,I Got 5 On It,Operation Stackola,Luniz;Michael Marshall,1995-07-04,253533,75,FALSE,warriorkid3000,2024-10-10T04:48:43Z,"g funk,west coast hiphop,old school hiphop,braziliaanse bass",Virgin Records,0.584,0.706,10,-7.899,0,0.366,0.209,0,0.125,0.579,174.039,4,west
