Track URI,Track Name,Album Name,Artist_Name,Release Date,Duration (ms),Popularity,Explicit,Added By,Added At,Genres,Record Label,Danceability,Energy,Key,Loudness,Mode,Speechiness,Acousticness,Instrumentalness,Liveness,Valence,Tempo,Time Signature
spotify:track:0trHOzAhNpGCsGBEu7dOJo,"N.Y. State of Mind","Illmatic","Nas",1994-04-19,294081,72,true,m-airon,2024-10-14T08:50:05Z,"old school hiphop,east coast hiphop,hiphop","Columbia",0.665,0.91,6,-4.682,0,0.223,0.0394,0,0.227,0.887,84.099,4
spotify:track:33ZXjLCpiINn8eQIDYEPTD,"Shook Ones, Pt. II","The Infamous","Mobb Deep",1995-04-25,325506,77,true,m-airon,2024-10-16T06:09:35Z,"old school hiphop,east coast hiphop,hardcore hiphop,hiphop,gangsterrap","RCA Records Label",0.763,0.786,10,-6.472,0,0.229,0.0146,0.0114,0.0817,0.504,93.857,4
spotify:track:1Sgj10byiGzPpI2IrXSFEn,"Protect Ya Neck","Enter The Wu-Tang (36 Chambers) [Expanded Edition]","Wu-Tang Clan",1993-11-09,291266,66,true,m-airon,2019-04-05T00:20:35Z,"old school hiphop,east coast hiphop,hiphop,gangsterrap,hardcore hiphop","RCA Records Label",0.822,0.509,8,-12.31,0,0.415,0.0353,0.00000726,0.771,0.823,102.007,4
spotify:track:63BcfK6YAzJYeISaTPr6IO,"Big Poppa - 2007 Remaster","Greatest Hits","The Notorious B.I.G.",2007-03-02,249866,72,true,m-airon,2024-10-12T17:24:13Z,"old school hiphop,gangsterrap,east coast hiphop,hiphop","Bad Boy Records",0.765,0.671,9,-5.249,0,0.278,0.344,0,0.0506,0.798,84.5,4
spotify:track:7EQvdUJqZ2i7SWvSB2VqGA,"Doomsday","Operation: Doomsday (Complete)","MF DOOM;Pebbles The Invisible Girl",1999-10-19,298053,73,true,m-airon,2026-01-27T14:32:28Z,"experimentele hiphop,east coast hiphop,jazz rap,alternative hiphop","Metalface Records",0.856,0.84,6,-7.736,0,0.334,0.0973,0,0.0773,0.792,95.416,4
spotify:track:34FtO3yhuV4TD4u6axnyCL,"Fall Back (feat. Kool G Rap)","The Big Picture","Big L;Kool G Rap",2016-07-15,169133,52,true,m-airon,2024-10-16T14:24:44Z,"east coast hiphop,old school hiphop,hardcore hiphop,boombap,hiphop,horrorcore","RBC Records",0.614,0.789,6,-5.475,0,0.318,0.0546,0.0000354,0.239,0.556,100.997,4
spotify:track:4QpmwtoYEvENZJPQ6a2kbw,"Brooklyn's Finest","Reasonable Doubt","JAŸ-Z;The Notorious B.I.G.",1996-06-25,275640,47,true,m-airon,2022-04-24T08:15:07Z,"hiphop,east coast hiphop,rap,old school hiphop,gangsterrap","Roc-A-Fella",0.495,0.715,6,-8.855,1,0.497,0.135,0.00000104,0.0748,0.743,189.862,4
spotify:track:6jCGzZn0gFeRlbqdaJhw6T,"Party and Bullshit - 2008 Remaster","NOTORIOUS Music From and Inspired by the Original Motion Picture","The Notorious B.I.G.",2009-01-13,217000,0,true,m-airon,2022-03-06T00:10:01Z,"old school hiphop,gangsterrap,east coast hiphop,hiphop","Bad Boy Records",0.433,0.862,1,-3.89,0,0.412,0.193,0,0.604,0.722,200.817,4
spotify:track:2valJ3nXQ1qTEougAJNmYe,"I Shot Ya","Mr. Smith (Deluxe Edition)","LL COOL J;Keith Murray",1995-11-21,231333,38,false,m-airon,2024-11-13T19:10:51Z,"old school hiphop,east coast hiphop,boombap","LL Cool J.",0.683,0.714,10,-10.937,0,0.368,0.215,0,0.117,0.627,173.896,4
spotify:track:4zXMw51RgLPRE3vPDuqBvt,"The Potion","The Red Light District","Ludacris",2004-01-01,234973,53,true,m-airon,2024-12-16T12:35:15Z,"dirty south rap","Def Jam Recordings",0.664,0.662,1,-6.308,1,0.401,0.897,0.000163,0.107,0.524,97.733,4
spotify:track:2Ja3UauMDeQnq4sI8a64Ys,"Affirmative Action (feat. AZ, Cormega & Foxy Brown)","It Was Written","Nas;AZ;Cormega;Foxy Brown",1996-07-02,259800,58,true,m-airon,2024-10-16T06:08:27Z,"old school hiphop,east coast hiphop,hiphop,boombap","Columbia",0.665,0.566,3,-9.209,0,0.443,0.484,0,0.16,0.755,173.804,4
spotify:track:7KwZNVEaqikRSBSpyhXK2j,"Hypnotize - 2014 Remaster","Life After Death (2014 Remastered Edition)","The Notorious B.I.G.",1997-03-04,229826,83,true,m-airon,2019-04-05T00:06:02Z,"old school hiphop,gangsterrap,east coast hiphop,hiphop","Rhino Atlantic",0.901,0.697,9,-3.439,1,0.28,0.145,0,0.287,0.67,93.941,4
spotify:track:3tHbqNaaXituiTZjGRx5UV,"Made You Look (feat. Jadakiss & Ludacris) - Remix","Made You Look (Remix) (feat. Jadakiss & Ludacris)","Nas;Jadakiss;Ludacris",2002-09-10,211906,43,true,m-airon,2024-11-11T12:21:41Z,"old school hiphop,east coast hiphop,hiphop,dirty south rap","Columbia/Legacy",0.602,0.941,1,-3.451,1,0.327,0.362,0,0.695,0.695,95.789,4
spotify:track:6OkDb9fyi22Pr6QJIrUNdJ,"Rhymes Like Dimes","Operation: Doomsday (Complete)","MF DOOM;DJ Cucumber Slice",1999-10-19,258613,65,true,m-airon,2026-01-27T13:35:50Z,"experimentele hiphop,east coast hiphop,jazz rap,alternative hiphop","Metalface Records",0.646,0.752,0,-5.652,1,0.268,0.664,0,0.17,0.761,99.948,4
spotify:track:3glqlA5qY3bbo8UaUDGPnw,"Triumph (feat. Ol' Dirty Bastard, Inspectah Deck, Method Man, Cappadonna, U-God, RZA, GZA, Masta Killa, Ghostface Killah & Raekwon)","Wu-Tang Forever","Wu-Tang Clan;Ol' Dirty Bastard;Inspectah Deck;Method Man;Cappadonna;U-God;RZA;GZA;Masta Killa;Ghostface Killah;Raekwon",1997-06-03,338186,62,true,m-airon,2024-10-14T08:41:49Z,"old school hiphop,east coast hiphop,hiphop,gangsterrap,hardcore hiphop,boombap","LOUD Records",0.739,0.639,2,-6.959,1,0.358,0.000918,0.0000274,0.352,0.323,91.121,4
spotify:track:0B8drtTSp68pZdkmVrG9ZA,"Twinz (Deep Cover 98) (feat. Fat Joe)","Capital Punishment","Big Pun;Fat Joe",1998-04-28,228173,67,true,m-airon,2024-11-09T20:15:47Z,"east coast hiphop,old school hiphop,hardcore hiphop","LOUD Records",0.634,0.763,0,-7.216,1,0.323,0.32,0.0000034,0.237,0.519,94.981,4
spotify:track:3tC8SJpOwJhDg8WGG1NKGR,"Oh No","Lyricist Lounge Volume 2","Mos Def;Pharoahe Monch;Nate Dogg",2002-01-01,239933,53,true,m-airon,2024-12-15T12:35:19Z,"east coast hiphop,old school hiphop,hiphop,g funk,west coast hiphop","Rawkus Entertainment",0.719,0.863,5,-4.148,0,0.435,0.414,0.00000519,0.147,0.765,87.579,1
spotify:track:5Y6IzsuFmYtju3LDWBRWI0,"The Godfather","Godfather of Hip Hop","Spoonie Gee",1996,293733,35,true,m-airon,2024-11-10T12:59:05Z,"old school hiphop","Ol' Skool Flava",0.818,0.739,7,-9.991,0,0.0567,0.012,0,0.0653,0.912,104.657,4
spotify:track:5ByAIlEEnxYdvpnezg7HTX,"Juicy - 2005 Remaster","Ready to Die (The Remaster)","The Notorious B.I.G.",1994-09-13,302760,76,true,m-airon,2019-04-05T00:05:57Z,"old school hiphop,gangsterrap,east coast hiphop,hiphop","Bad Boy Records",0.889,0.818,9,-4.639,1,0.253,0.47,0,0.179,0.782,96.063,4
spotify:track:6gpZSI0xEMTzleBc5ykOVA,"Heart Of The City (Ain't No Love)","The Blueprint (Explicit Version)","JAŸ-Z",2001-09-11,223240,62,true,m-airon,2022-03-27T17:29:38Z,"hiphop,east coast hiphop,rap","Roc-A-Fella",0.606,0.943,6,-3.948,1,0.276,0.088,0.0039,0.342,0.802,171.027,4
spotify:track:6C7ZgThn6Yan5MTZdAEEFw,"Mama Said Knock You Out","Mama Said Knock You Out","LL COOL J",1990-08-27,289693,63,true,m-airon,2022-03-27T08:37:15Z,"old school hiphop,east coast hiphop","LL Cool J.",0.791,0.759,10,-7.378,0,0.129,0.0314,0.674,0.255,0.619,102.382,4
spotify:track:2EpUHz5TqbAAQ8iweD75p6,"The Enemy (feat. Fat Joe)","The Big Picture","Big L;Fat Joe",2016-07-15,168013,65,true,m-airon,2024-10-13T09:47:20Z,"east coast hiphop,old school hiphop,hardcore hiphop,boombap,hiphop","RBC Records",0.606,0.649,11,-8.372,1,0.392,0.115,0.00019,0.824,0.877,174.081,4
spotify:track:119c93MHjrDLJTApCVGpvx,"C.R.E.A.M. (Cash Rules Everything Around Me)","Enter The Wu-Tang (36 Chambers) [Expanded Edition]","Wu-Tang Clan",1993-11-09,252026,74,true,m-airon,2019-04-04T23:53:15Z,"old school hiphop,east coast hiphop,hiphop,gangsterrap,hardcore hiphop","RCA Records Label",0.512,0.514,11,-11.562,0,0.387,0.555,0.00958,0.126,0.565,181.033,4
spotify:track:06UPCXzhIsXnceSXmKLMEY,"Ether","Stillmatic","Nas",2001-12-18,277706,56,true,m-airon,2024-10-12T17:23:09Z,"old school hiphop,east coast hiphop,hiphop","Columbia",0.573,0.831,7,-5.586,1,0.433,0.0401,0,0.0909,0.766,76.352,4
spotify:track:7bJ6lqDOQnfHq0V1o8TixL,"How To Rob","Best Of 50 Cent","50 Cent;The Madd Rapper",2017-03-31,264320,48,true,m-airon,2024-10-16T20:55:59Z,"old school hiphop,east coast hiphop","Aftermath/Shady",0.774,0.676,6,-8.476,0,0.304,0.0575,0,0.169,0.791,96.98,4
spotify:track:7gKgd0P3dAAePiSQQBqrlf,"Break Ya Neck","Genesis","Busta Rhymes",2001-11-07,231240,68,true,m-airon,2024-10-19T17:30:57Z,"east coast hiphop","J Records/Legacy",0.82,0.809,4,-6.759,0,0.251,0.443,0.00175,0.0613,0.737,83.011,4
spotify:track:0Pu71wxadDlB8fJXfjIjeJ,"Shoop","Very Necessary","Salt-N-Pepa",1993-10-12,248573,72,false,m-airon,2022-04-29T05:31:17Z,"old school hiphop","Mercury Records",0.939,0.674,0,-7.232,1,0.212,0.091,0,0.0565,0.792,96.918,4
spotify:track:6glsMWIMIxQ4BedzLqGVi4,"So Fresh, So Clean","Stankonia","Outkast",2000-10-31,240026,74,true,m-airon,2024-10-16T12:48:11Z,"dirty south rap,hiphop","Arista/LaFace Records",0.725,0.64,5,-7.905,0,0.332,0.0281,0,0.099,0.915,166.028,3
spotify:track:7c2h4jzcyJsN1QzTb8ZpiZ,"Ain't Nobody","Mr. Smith (Deluxe Edition)","LL COOL J",1995-11-21,277440,49,false,m-airon,2022-08-25T19:10:15Z,"old school hiphop,east coast hiphop","LL Cool J.",0.788,0.746,10,-6.407,0,0.188,0.072,0.00000341,0.279,0.518,99.9,4
spotify:track:4wwRROf47MXBX5u5Knwixx,"We Trying to Stay Alive (feat. John Forté & Pras)","Wyclef Jean presents The Carnival featuring Refugee Allstars (feat. Refugee All Stars)","Wyclef Jean;John Forte;Pras",1997-06-24,191533,61,false,m-airon,2025-01-01T14:34:05Z,"old school hiphop","Ruffhouse/Columbia",0.87,0.614,1,-8.694,1,0.251,0.00564,0.0000595,0.123,0.644,98.931,4
spotify:track:3x6QCo3LClrqiJF19w8daE,"Did You Ever Think (feat. Nas) - Remix - Radio Edit","The Essential R. Kelly","R. Kelly;Nas",2014-05-19,242533,43,true,m-airon,2024-12-23T09:24:18Z,"r&b,old school hiphop,east coast hiphop,hiphop","Jive/Legacy",0.86,0.604,6,-5.841,0,0.185,0.221,0.0000512,0.114,0.874,95.094,4
spotify:track:6IFOw9Ck9mWHRQgw6QrPYx,"Music (feat. Marvin Gaye)","Music","Erick Sermon;Marvin Gaye",2001-10-29,223133,55,true,m-airon,2022-04-13T11:51:00Z,"east coast hiphop,old school hiphop,motown,classic soul,soul,northern soul,quiet storm","J Records",0.897,0.466,10,-9.053,0,0.203,0.187,0.00000135,0.0757,0.884,100.01,4
spotify:track:1kKYtN10tx1mAer1UHASiS,"Hit 'Em High","Alley Oop","B-Real;Busta Rhymes;Coolio;LL COOL J;Method Man",2022-02-15,257933,0,true,m-airon,2022-03-27T08:37:20Z,"west coast hiphop,east coast hiphop,g funk,old school hiphop,hiphop,hardcore hiphop","TEM",0.837,0.786,6,-7.498,0,0.252,0.0388,0,0.328,0.662,94.05,4
spotify:track:65l5KYs1YMFplVybSvFZqZ,"Lifes On The Line","Get Rich Or Die Tryin'","50 Cent",2003-02-06,218480,49,true,m-airon,2019-04-05T00:09:18Z,"old school hiphop,east coast hiphop","Shady Records",0.673,0.841,1,-5.191,1,0.341,0.00809,0,0.171,0.76,94.671,4
spotify:track:2mehHNForRahnPueLQAgfv,"Next Level - Nyte Time Mix","Goodfellas","Showbiz & A.G.",1995-01-01,249933,47,true,m-airon,2024-10-16T13:01:55Z,"east coast hiphop,boombap,old school hiphop","Island Records",0.87,0.498,11,-12.095,0,0.29,0.000671,0.000389,0.0551,0.489,92.887,4
spotify:track:2El2AmJcz6trXPVeXamGYC,"What's Happenin'","Tical 0: The Prequel","Method Man;Busta Rhymes",2004-01-01,232253,54,true,m-airon,2019-04-04T23:58:22Z,"east coast hiphop,old school hiphop,hiphop,hardcore hiphop","Def Jam Recordings",0.73,0.899,2,-3.643,1,0.3,0.237,0,0.0995,0.757,109.129,4
spotify:track:3znH8Nl0xGyck7Cawbl14Y,"America's Most","How High","Method Man;Redman",2001-01-01,215533,34,true,m-airon,2022-03-27T08:31:53Z,"east coast hiphop,old school hiphop,hiphop,hardcore hiphop","RAL (Rush Associated Label)",0.573,0.904,11,-3.41,1,0.396,0.00492,0.00000184,0.182,0.892,187.682,4
spotify:track:2jpd11oy0FGFebu6BpKSse,"4,3,2,1","Phenomenon","LL COOL J;Method Man;Redman;DMX;Cannibus",1997-01-01,256626,49,true,m-airon,2022-03-27T20:37:31Z,"old school hiphop,east coast hiphop,hiphop,hardcore hiphop","Def Jam Recordings",0.68,0.764,6,-6.574,1,0.523,0.087,0,0.0978,0.789,99.309,4
spotify:track:3gkklhEyCpxAprP6mYc0jq,"Da Heatwave","E Double","Erick Sermon;50 Cent;N.O.R.E.",2018-06-10,243426,29,true,m-airon,2022-04-15T20:46:37Z,"east coast hiphop,old school hiphop,reggaeton","Def Squad",0.768,0.641,3,-8.177,1,0.464,0.171,0,0.148,0.88,92.679,4
spotify:track:2eOuL8KesslTLQERQPu11D,"Bad Boy for Life","The Saga Continues...","Diddy;Black Rob;Mark Curry",2001,253066,62,true,m-airon,2022-03-06T00:09:50Z,"hiphop,east coast hiphop,old school hiphop","Bad Boy Records",0.669,0.829,1,-3.801,1,0.49,0.179,0,0.241,0.61,118.934,4
spotify:track:5gHkG9liVCQksaArA7OlYi,"Crazy","God's Plan","50 Cent;DJ Whoo Kid",2006-10-10,106426,0,false,m-airon,2022-04-13T11:43:36Z,"old school hiphop,east coast hiphop","BCD Music Group",0.568,0.726,6,-9.144,0,0.468,0.0179,0,0.049,0.795,94.623,4
spotify:track:53oWwSxPuyH2cjYKXH8fgO,"Get Money","Conspiracy (PA)","Junior M.A.F.I.A.",1995-08-22,274937,60,true,m-airon,2019-04-05T00:49:07Z,"east coast hiphop","Big Beat Records",0.736,0.828,11,-5.835,0,0.284,0.477,0,0.251,0.899,91.224,4
spotify:track:3RmKpob8xzv1pzHEQrMJah,"Let Me Blow Ya Mind","Scorpion","Eve;Gwen Stefani",2001-03-06,230133,73,true,m-airon,2022-04-13T11:52:44Z,"","Ruff Ryders RECORDS",0.908,0.557,8,-4.243,0,0.107,0.242,0,0.0709,0.897,90.032,4
spotify:track:4INDiWSKvqSKDEu7mh8HFz,"Mo Money Mo Problems (feat. Puff Daddy & Mase) - 2014 Remaster","Life After Death (2014 Remastered Edition)","The Notorious B.I.G.;Mase;Diddy",1997-03-04,257399,74,true,m-airon,2022-04-18T21:14:56Z,"old school hiphop,gangsterrap,east coast hiphop,hiphop","Rhino Atlantic",0.845,0.884,6,-4.506,0,0.0759,0.0128,0.0000021,0.203,0.904,104.536,4
spotify:track:7sJN693sYKEIEMu7fc5VnJ,"Whatta Man","Very Necessary","Salt-N-Pepa;En Vogue",1993-10-12,308360,65,false,m-airon,2022-04-29T05:31:21Z,"old school hiphop,new jack swing","Mercury Records",0.756,0.544,5,-10.721,1,0.219,0.154,0.0000621,0.225,0.921,173.2,4
spotify:track:28AlU8S3FGB1A8ViSgL3VT,"Take A Look At My Life","Loyalty","Fat Joe",2002-11-12,240026,37,true,m-airon,2022-03-27T08:34:17Z,"east coast hiphop","RT Industries",0.479,0.845,2,-5.16,0,0.405,0.421,0,0.31,0.616,81.499,4
spotify:track:7fuoqve1SOEBmhc2PoQTF0,"Breathe","Real Talk (123)","Fabolous",2004-10-11,268960,57,true,m-airon,2022-04-13T11:26:56Z,"","Elektra Records",0.713,0.91,10,-5.586,0,0.282,0.34,0,0.304,0.51,83.028,4
spotify:track:0Aob9kSwIN7PLndTeV389L,"Grand Finale","DMX: The Legacy","DMX;Ja Rule;Method Man;Nas",2021-12-10,278013,22,true,m-airon,2022-03-27T08:42:40Z,"east coast hiphop,old school hiphop,hardcore hiphop,hiphop","UME - Global Clearing House",0.777,0.819,10,-5.194,0,0.284,0.014,0,0.338,0.361,100.194,4
spotify:track:13N31D8yFuN4JeYYR7veY6,"Respect - 2005 Remaster","Ready to Die (The Remaster)","The Notorious B.I.G.",1994-09-13,321293,52,true,m-airon,2022-04-18T21:16:36Z,"old school hiphop,gangsterrap,east coast hiphop,hiphop","Bad Boy Records",0.902,0.597,1,-5.814,1,0.575,0.197,0.000034,0.308,0.219,88.733,4
spotify:track:0ed6evAMZvewGh4UI9KkVU,"Kick in the Door - 2014 Remaster","Life After Death (2014 Remastered Edition)","The Notorious B.I.G.",1997-03-04,286186,55,true,m-airon,2022-03-06T00:13:03Z,"old school hiphop,gangsterrap,east coast hiphop,hiphop","Rhino Atlantic",0.62,0.854,6,-5.578,1,0.628,0.103,0,0.402,0.671,179.801,4
spotify:track:5XLC8xoqyua4U7wJiZAWik,"Method Man","Enter The Wu-Tang (36 Chambers) [Expanded Edition]","Wu-Tang Clan",1993-11-09,350640,61,true,m-airon,2019-04-05T00:21:00Z,"old school hiphop,east coast hiphop,hiphop,gangsterrap,hardcore hiphop","RCA Records Label",0.904,0.429,11,-13.782,0,0.27,0.0268,0.000556,0.332,0.648,101.553,4
spotify:track:2n7h09QrGitVul66b2D8Re,"Part II","How High","Method Man;Redman",2001-01-01,244600,60,true,m-airon,2022-03-06T00:12:51Z,"east coast hiphop,old school hiphop,hiphop,hardcore hiphop","RAL (Rush Associated Label)",0.775,0.837,10,-4.965,0,0.39,0.0383,0,0.315,0.806,95.86,4
spotify:track:094MWdspdy9amhOi8TFlIN,"Get It On The Floor","Grand Champ","DMX;Swizz Beatz",2003-01-01,262133,58,true,m-airon,2022-04-15T17:12:21Z,"east coast hiphop,old school hiphop,hardcore hiphop","RAL (Rush Associated Label)",0.812,0.794,1,-3.075,1,0.155,0.163,0,0.131,0.572,94.198,4
spotify:track:1xIxMz1sNQ4b6svH1GuTtF,"Gimme the Loot - 2005 Remaster","Ready to Die (The Remaster)","The Notorious B.I.G.",1994-09-13,285946,66,true,m-airon,2022-04-19T08:16:54Z,"old school hiphop,gangsterrap,east coast hiphop,hiphop","Bad Boy Records",0.721,0.662,7,-8.136,1,0.403,0.0888,0,0.178,0.68,94.191,4
spotify:track:2u557fu7hLTdz68Z0XwmvJ,"My Baby","Rare","50 Cent;Da Angels",2003-10-15,196920,0,true,m-airon,2019-04-05T00:10:42Z,"old school hiphop,east coast hiphop,g funk,west coast hiphop","Famous Records, Corp.",0.883,0.393,6,-10.968,1,0.343,0.295,0,0.282,0.914,95.269,4
spotify:track:4dTtYVQzlwBMpVyQ4h3wy2,"The What - 2005 Remaster","Ready to Die (The Remaster)","The Notorious B.I.G.;Method Man",1994-09-13,237480,58,true,m-airon,2022-03-27T20:36:25Z,"old school hiphop,gangsterrap,east coast hiphop,hiphop,hardcore hiphop","Bad Boy Records",0.622,0.714,7,-8.244,1,0.411,0.191,0,0.106,0.711,173.163,4
spotify:track:3UYuDTslR35thjQzaVwRMe,"Get Down","God's Son","Nas",2002-12-13,244253,64,true,m-airon,2019-04-05T00:22:01Z,"old school hiphop,east coast hiphop,hiphop","Columbia",0.835,0.718,1,-6.405,1,0.232,0.0424,0,0.258,0.507,94.387,4
spotify:track:7cFpB4ozcSwXuhqjvNbrbP,"Good Times","A Gangster And A Gentleman","Styles P",2002-01-01,211493,59,true,m-airon,2022-04-13T11:30:53Z,"east coast hiphop","Ruff Ryders Records",0.697,0.761,11,-7.647,0,0.302,0.157,0,0.789,0.666,81.728,4
spotify:track:5xXL4i9L2ZbKBtENNh8fWY,"Step into a World (Rapture's Delight)","I Got Next","KRS-One",1997-05-20,289906,54,false,m-airon,2022-04-21T22:41:42Z,"old school hiphop,east coast hiphop,hiphop,hardcore hiphop","Jive",0.803,0.806,0,-7.805,1,0.265,0.00761,0.00544,0.101,0.624,94.994,4
spotify:track:6bUNEbXT7HovLW6BgPCBsb,"Roses","Speakerboxxx/The Love Below","Outkast",2003,369573,73,true,m-airon,2022-03-27T15:33:42Z,"dirty south rap,hiphop","Arista",0.751,0.708,0,-5.653,1,0.0545,0.0482,0.0000185,0.107,0.509,108.97,4
spotify:track:0I3q5fE6wg7LIfHGngUTnV,"Ms. Jackson","Stankonia","Outkast",2000-10-31,270506,84,true,m-airon,2022-03-27T15:35:07Z,"dirty south rap,hiphop","Arista/LaFace Records",0.843,0.806,4,-5.946,0,0.269,0.143,0,0.0771,0.613,94.948,4
spotify:track:1AHfovSnGPVYKaahRtA0U6,"The Message","It Was Written","Nas",1996-07-02,234093,62,true,m-airon,2019-04-05T00:22:29Z,"old school hiphop,east coast hiphop,hiphop","Columbia",0.614,0.543,5,-7.178,1,0.374,0.00776,0.0000328,0.383,0.485,178.422,4
spotify:track:2g8HN35AnVGIk7B8yMucww,"Big Poppa - 2005 Remaster","Ready to Die (The Remaster)","The Notorious B.I.G.",1994-09-13,252746,81,true,m-airon,2019-04-04T23:52:24Z,"old school hiphop,gangsterrap,east coast hiphop,hiphop","Bad Boy Records",0.78,0.575,9,-7.247,0,0.273,0.43,0,0.143,0.773,84.492,4
spotify:track:5HdZE8e4PPwEvDZuhJlfFg,"The Ruler's Back","The Blueprint (Explicit Version)","JAŸ-Z",2001-09-11,228626,48,true,m-airon,2022-03-27T17:28:13Z,"hiphop,east coast hiphop,rap","Roc-A-Fella",0.51,0.721,2,-6.97,1,0.413,0.00655,0.00000182,0.0362,0.416,92.163,4
spotify:track:6RtiYzLt3CeA9tpKvK5PxY,"Keep your Eyes on yours","Rare","50 Cent",2003-10-15,245826,0,true,m-airon,2019-04-05T00:10:17Z,"old school hiphop,east coast hiphop","Famous Records, Corp.",0.782,0.48,11,-12.113,0,0.361,0.00772,0.00000102,0.0951,0.634,90.688,4
spotify:track:3Y6XWs8xMlCngyIxNOFnsp,"Sound of da Police","Return of the Boom Bap","KRS-One",1993-09-03,258506,63,false,m-airon,2022-04-21T22:41:52Z,"old school hiphop,east coast hiphop,hiphop,hardcore hiphop","Jive",0.794,0.95,1,-8.78,1,0.294,0.124,0.0000771,0.133,0.324,94.984,4
spotify:track:7zwNX8it4VPcycl8QUYiVp,"React","Shut 'Em Down","Onyx",1998-06-02,249760,34,true,m-airon,2022-04-15T20:44:38Z,"east coast hiphop,hardcore hiphop,old school hiphop","Def Jam Recordings",0.908,0.785,1,-9.078,1,0.341,0.00998,0,0.366,0.658,104.491,4
spotify:track:4h5KBcltGefua73AUPYps7,"Izzo (H.O.V.A.)","The Blueprint (Explicit Version)","JAŸ-Z",2001-09-11,240626,57,true,m-airon,2022-03-27T17:28:21Z,"hiphop,east coast hiphop,rap","Roc-A-Fella",0.618,0.844,1,-4.051,0,0.342,0.0178,0.000126,0.0634,0.697,84.411,4
spotify:track:0SlljMy4uEgoVPCyavtcHH,"Self Conscience - Dirty Version","Nas & Ill Will Records Presents Queensbridge the album","Prodigy;Nas",2000-11-06,195293,44,true,m-airon,2022-04-13T11:31:58Z,"east coast hiphop,old school hiphop,hiphop","Columbia",0.829,0.614,1,-8.546,1,0.267,0.0666,0.00085,0.0975,0.496,90.924,4
spotify:track:6DPrhGVJ1WTZvM9fKptnGe,"Represent","Illmatic","Nas",1994-04-19,252596,64,true,m-airon,2019-04-05T00:22:19Z,"old school hiphop,east coast hiphop,hiphop","Columbia",0.708,0.832,1,-4.964,1,0.318,0.02,0.0000028,0.189,0.618,92.428,4
spotify:track:1Z7C8ClE8UEaH70jCCeJH2,"Ten Crack Commandments - 2014 Remaster","Life After Death (2014 Remastered Edition)","The Notorious B.I.G.",1997-03-04,204026,65,true,m-airon,2024-10-23T05:54:06Z,"old school hiphop,gangsterrap,east coast hiphop,hiphop","Rhino Atlantic",0.612,0.85,1,-4.703,1,0.5,0.0393,0,0.255,0.781,173.497,4
spotify:track:15LVUC45FiKlBp0wkmJkcv,"Niggas Bleed - 2014 Remaster","Life After Death (2014 Remastered Edition)","The Notorious B.I.G.",1997-03-04,291040,55,true,m-airon,2024-10-23T14:23:29Z,"old school hiphop,gangsterrap,east coast hiphop,hiphop","Rhino Atlantic",0.541,0.847,1,-3.386,1,0.264,0.354,0,0.231,0.546,83.778,4
spotify:track:7tDbbfzB1d52lWP8rq8zRZ,"Pump It Up","Joe Budden","Joe Budden",2003-06-10,251373,63,true,m-airon,2022-04-13T11:54:32Z,"","Spit Records",0.484,0.847,6,-5.042,1,0.349,0.0373,0,0.118,0.67,105.048,4
spotify:track:2kEGpCg4Xj5LtVL4AWPJ8C,"Fuckin' Wit' D","It's Dark And Hell Is Hot","DMX",1998-05-01,138026,46,true,m-airon,2022-03-27T08:35:13Z,"east coast hiphop,old school hiphop,hardcore hiphop","Def Jam Recordings",0.88,0.796,2,-4.918,1,0.287,0.116,0,0.151,0.834,100.782,4
spotify:track:1lnqjCZfobpQe6DXURSvzn,"Bring Your Whole Crew","Flesh Of My Flesh, Blood Of My Blood","DMX",1998-12-22,220533,50,true,m-airon,2022-03-27T08:41:20Z,"east coast hiphop,old school hiphop,hardcore hiphop","Def Jam Recordings",0.872,0.67,7,-8.909,1,0.269,0.112,0,0.248,0.272,96.774,4
spotify:track:5czjjnbTatyFal33a9h1aN,"Guess Who's Back","The 18th Letter / The Book Of Life","Rakim",1996-11-04,250906,55,false,m-airon,2019-04-04T23:57:24Z,"east coast hiphop,old school hiphop,hiphop","Universal Records",0.796,0.798,6,-7.456,0,0.262,0.0153,0,0.106,0.692,94.016,4
spotify:track:3ABG1UQTk0eLYUAeWkmfMi,"Shimmy Shimmy Ya","Return to the 36 Chambers: The Dirty Version","Ol' Dirty Bastard",1995,161400,67,true,m-airon,2019-04-05T00:49:46Z,"east coast hiphop,old school hiphop,hardcore hiphop","Rhino/Elektra",0.814,0.481,0,-5.183,1,0.245,0.097,0.0000383,0.0495,0.193,96.252,4
spotify:track:1SyQ6t9RdRBK0QUCS6a797,"Hip Hop Hooray","19NaughtyIII","Naughty By Nature",1993-02-23,267266,68,false,m-airon,2022-04-13T11:21:15Z,"old school hiphop,east coast hiphop","Tommy Boy Music, LLC",0.862,0.642,6,-13.652,0,0.101,0.102,0,0.272,0.765,99.2,4
spotify:track:3bOvAqhaZNSWpGVIvHEx8B,"Everyday Struggle - 2005 Remaster","Ready to Die (The Remaster)","The Notorious B.I.G.",1994-09-13,319320,58,true,m-airon,2024-10-23T09:43:22Z,"old school hiphop,gangsterrap,east coast hiphop,hiphop","Bad Boy Records",0.913,0.712,1,-6.455,0,0.265,0.0643,0.00176,0.117,0.449,96.145,4
spotify:track:02xhZhWcgS26FWoMUZdSg2,"Brick City Mashin'!","Doc's Da Name 2000","Redman",1998-12-08,190640,42,true,m-airon,2022-03-27T08:41:13Z,"east coast hiphop,old school hiphop,hiphop,hardcore hiphop","RAL (Rush Associated Label)",0.837,0.779,1,-5.488,1,0.48,0.164,0,0.338,0.806,93.921,4
spotify:track:5xMNsdeGt9sSfWWRzoHPCw,"One","Supreme Clientele","Ghostface Killah",2000,226333,0,true,m-airon,2019-04-05T00:00:22Z,"east coast hiphop,hardcore hiphop,old school hiphop,hiphop","Epic/Razor Sharp Records",0.755,0.702,11,-7.022,1,0.216,0.0254,0,0.0809,0.501,89.62,4
spotify:track:3F3R4uyTMkX9jRCEVVmdz6,"Bring The Pain","Tical","Method Man",1994-11-15,189760,59,true,m-airon,2019-04-04T23:58:27Z,"east coast hiphop,old school hiphop,hiphop,hardcore hiphop","Def Jam Recordings",0.835,0.456,6,-10.195,0,0.266,0.381,0.00364,0.16,0.225,101.889,4
spotify:track:33rsCCLHklTQav9klbpnAi,"Warning - 2005 Remaster","Ready to Die (The Remaster)","The Notorious B.I.G.",1994-09-13,220440,64,true,m-airon,2024-10-23T08:27:15Z,"old school hiphop,gangsterrap,east coast hiphop,hiphop","Bad Boy Records",0.596,0.791,11,-7.582,0,0.476,0.345,0.0000142,0.136,0.399,171.919,4
spotify:track:4anqYZt4APNlFwQixpbdZR,"Da Rockwilder","Blackout!","Method Man;Redman",1999-01-01,136093,66,true,m-airon,2019-04-05T00:00:53Z,"east coast hiphop,old school hiphop,hiphop,hardcore hiphop","Def Jam Recordings",0.612,0.659,6,-6.995,0,0.406,0.0137,0,0.417,0.392,99.139,4
spotify:track:7k9XAKJp28xmRnPPCkWOKn,"Realest N*ggas","Bad Boys II","Notorious B.I.G. & 50 Cent",2005-04-20,212560,0,true,m-airon,2022-04-15T20:49:45Z,"","Bad Boy Records",0.903,0.728,6,-3.983,1,0.322,0.397,0.00000266,0.157,0.817,95.67,4
spotify:track:1kHPOtD1fo3kWOgcs0oisd,"Verbal Intercourse (feat. Ghostface Killah & Nas)","Only Built 4 Cuban Linx...","Raekwon;Ghostface Killah;Nas",1995,211840,46,true,m-airon,2024-10-14T08:49:06Z,"east coast hiphop,old school hiphop,hardcore hiphop,hiphop,boombap","RCA Records Label",0.814,0.663,1,-7.446,1,0.355,0.296,0.00000339,0.16,0.52,93.014,4
spotify:track:0svl7cK07gK1ia5ainczU5,"Break Ya Neck","Genesis","Busta Rhymes",2001-11-13,231240,3,true,m-airon,2019-04-04T23:57:45Z,"east coast hiphop","J Records",0.82,0.809,4,-6.759,0,0.251,0.443,0.00175,0.0613,0.737,83.011,4
spotify:track:4WMBl2wiGUSGa5C7tfQEAo,"Doin' It","Mr. Smith (Deluxe Edition)","LL COOL J;Leshaun",1995-11-21,293933,60,true,m-airon,2019-04-04T23:59:50Z,"old school hiphop,east coast hiphop","LL Cool J.",0.801,0.55,10,-11.044,0,0.209,0.367,0.0229,0.117,0.61,94.992,4
spotify:track:1rJM37Dd4OcSJvzI84yCcP,"Fu-Gee-La","The Score (Expanded Edition)","Fugees;Ms. Lauryn Hill;Wyclef Jean;Pras",1996-02-13,260066,68,true,m-airon,2019-04-05T00:02:43Z,"east coast hiphop,neo soul,old school hiphop","Columbia",0.681,0.505,1,-11.709,1,0.138,0.137,0,0.234,0.399,89.953,4
spotify:track:3vZO25GdYuqFrR1kzZADnp,"Ready or Not","The Score (Expanded Edition)","Fugees;Ms. Lauryn Hill;Wyclef Jean;Pras",1996-02-13,226933,73,true,m-airon,2019-04-05T00:02:58Z,"east coast hiphop,neo soul,old school hiphop","Columbia",0.544,0.428,10,-13.392,0,0.514,0.245,0,0.0899,0.524,89.129,4
spotify:track:28AvvchUP85ihRe9xCzcfB,"Da Joint","Back In Business","EPMD",1997-09-16,208360,55,true,m-airon,2019-04-05T00:01:54Z,"old school hiphop,east coast hiphop,hiphop","Def Jam Recordings",0.734,0.466,10,-8.658,0,0.464,0.243,0,0.106,0.788,89.318,4
spotify:track:14Ai4sTxWbQpNymhpQKuES,"You Ain't a Killer","Capital Punishment","Big Pun",1998-04-28,254866,54,true,m-airon,2022-04-13T11:33:30Z,"east coast hiphop,old school hiphop,hardcore hiphop","LOUD Records",0.723,0.887,6,-7.076,1,0.393,0.134,0,0.112,0.745,90.93,4
spotify:track:1xZdjsAGrY4BUIbIlYy3EX,"Strictly Business","Strictly Business","EPMD",1988-06-07,285413,46,false,m-airon,2019-04-05T00:02:05Z,"old school hiphop,east coast hiphop,hiphop","Priority Records",0.712,0.895,10,-4.212,0,0.255,0.18,0.0000181,0.108,0.727,96.339,4
spotify:track:2KFg8kjYy0rYjWsXGhEQHN,"Who Shot Ya? - 2005 Remaster","Ready to Die (The Remaster)","The Notorious B.I.G.",1994-09-13,319360,67,true,m-airon,2019-04-05T00:06:19Z,"old school hiphop,gangsterrap,east coast hiphop,hiphop","Bad Boy Records",0.831,0.682,7,-5.697,1,0.238,0.256,0,0.494,0.6,91.771,4
spotify:track:0mBAdbKjyG1uANV6jD5trK,"Boom - Street Version","Boom/Soldier's Story","Royce Da 5'9""",2000,235760,32,true,m-airon,2019-04-05T00:04:21Z,"","Game Recordings Inc.",0.579,0.685,11,-5.738,0,0.236,0.000336,0.000241,0.0633,0.942,93.401,4
spotify:track:5osSw3tL07Tuid7AWsvYcc,"Ante Up Remix (feat. Busta Rhymes, Teflon & Remi Martin) - Remix","Warriorz","M.O.P.;Busta Rhymes;Teflon;Remi Martin",2000-08-29,247693,62,true,m-airon,2019-11-04T23:20:02Z,"east coast hiphop,hardcore hiphop,old school hiphop,boombap,underground hiphop","Epic",0.68,0.894,1,-4.86,1,0.255,0.0206,0,0.462,0.803,94.089,4
spotify:track:7N1Vjtzr1lmmCW9iasQ8YO,"Survival of the Fittest","The Infamous","Mobb Deep",1995-04-25,224533,71,true,m-airon,2020-01-09T18:49:44Z,"old school hiphop,east coast hiphop,hardcore hiphop,hiphop,gangsterrap","RCA Records Label",0.813,0.703,11,-5.077,0,0.268,0.125,0.00000126,0.237,0.241,94.828,4
spotify:track:4OlTHLT94yfWDk582BDpWA,"Life As...","Mr. Smith (Deluxe Edition)","LL COOL J",1995-11-21,164066,25,false,m-airon,2024-11-13T14:22:26Z,"old school hiphop,east coast hiphop","LL Cool J.",0.816,0.693,6,-9.247,0,0.292,0.134,0.0000055,0.0935,0.769,90.931,4
spotify:track:3UQAKY0SUEonxneROvv4jy,"Ready to Die - 2005 Remaster","Ready to Die (The Remaster)","The Notorious B.I.G.",1994-09-13,264546,62,true,m-airon,2022-04-19T08:21:09Z,"old school hiphop,gangsterrap,east coast hiphop,hiphop","Bad Boy Records",0.727,0.831,6,-5.713,1,0.31,0.0632,0.0000363,0.487,0.504,84.991,4
spotify:track:2bXI4Rbw1D7aVeHWLjn1Lb,"Machine Gun Funk - 2005 Remaster","Ready to Die (The Remaster)","The Notorious B.I.G.",1994-09-13,255893,63,true,m-airon,2022-04-18T21:16:48Z,"old school hiphop,gangsterrap,east coast hiphop,hiphop","Bad Boy Records",0.841,0.738,4,-5.325,0,0.3,0.102,0.0235,0.0901,0.305,93.725,4
spotify:track:71HK33oKvypWSsNRlZpoPK,"Anything Goes","Def Jamaica","Wayne Wonder;C.N.N.;Lexxus",2003-01-01,260306,37,true,m-airon,2022-03-27T08:32:03Z,"dancehall,lovers rock,reggae,ragga,riddim","RAL (Rush Associated Label)",0.599,0.672,4,-7.388,0,0.304,0.000477,0.000241,0.147,0.429,105.242,4
spotify:track:1JkrWCnQrSZpNRxpAMXzlW,"Got To Have It","4:21...The Day After","Method Man",2006-01-01,253786,57,true,m-airon,2022-03-27T08:41:33Z,"east coast hiphop,old school hiphop,hiphop,hardcore hiphop","Def Jam Recordings",0.596,0.541,4,-8.026,1,0.418,0.102,0,0.145,0.851,95.752,4
spotify:track:4OriPa2OXO6goScm81cjju,"Release Yo' Delf","Tical","Method Man",1994-11-15,255333,52,true,m-airon,2022-03-27T08:42:37Z,"east coast hiphop,old school hiphop,hiphop,hardcore hiphop","Def Jam Recordings",0.796,0.655,2,-8.069,1,0.15,0.00929,0.0000606,0.108,0.527,97.795,4
spotify:track:1YQ7BbJR8HqAolfprvxGKu,"Notorious B.I.G. (feat. Lil' Kim & Puff Daddy) - 2005 Remaster","Born Again","The Notorious B.I.G.;Lil' Kim;Diddy",1999,191600,62,true,m-airon,2022-03-27T08:48:00Z,"old school hiphop,gangsterrap,east coast hiphop,hiphop","Bad Boy Records",0.904,0.826,1,-2.372,0,0.272,0.0531,0,0.214,0.824,101.35,4
spotify:track:0aULRU35N9kTj6O1xMULRR,"Magic Stick","La Bella Mafia","Lil' Kim",2003-03-03,359973,62,true,m-airon,2022-03-27T09:09:47Z,"east coast hiphop","Atlantic Records",0.849,0.499,2,-7.872,1,0.271,0.117,0.0000497,0.268,0.504,92.982,4
spotify:track:5STdMlrBf6pqWiNE7WqxSi,"Many Men (Wish Death)","Get Rich Or Die Tryin'","50 Cent",2003-02-06,256240,80,true,m-airon,2022-03-27T09:14:58Z,"old school hiphop,east coast hiphop","Shady Records",0.589,0.827,11,-2.938,1,0.384,0.0143,0.00151,0.14,0.386,161.978,4
spotify:track:4hjxVY7QYNDmOclMny7hVY,"Dead Presidents II","Reasonable Doubt","JAŸ-Z",1996-06-25,266066,54,true,m-airon,2022-03-27T17:28:40Z,"hiphop,east coast hiphop,rap","Roc-A-Fella",0.626,0.912,7,-8.758,0,0.426,0.174,0.00000108,0.149,0.579,174.57,4
spotify:track:2FWmKZ3kNbVsKGhuNHsltW,"Brooklyn Zoo","Return to the 36 Chambers: The Dirty Version","Ol' Dirty Bastard",1995,217506,56,true,m-airon,2022-03-27T09:16:10Z,"east coast hiphop,old school hiphop,hardcore hiphop","Rhino/Elektra",0.704,0.701,2,-8.031,1,0.46,0.549,0,0.664,0.618,92.032,4
spotify:track:3YAIOD20Mk64gNRYqf56k3,"Waiting For The World To End","The Master","Rakim",1999-11-30,245026,49,true,m-airon,2022-03-27T09:16:24Z,"east coast hiphop,old school hiphop,hiphop","Universal Records",0.795,0.58,10,-5.762,0,0.405,0.0735,0.0000733,0.325,0.961,91.798,4
spotify:track:7IdFdRlCjUi6kkhbPoRfnw,"99 Problems","The Black Album","JAŸ-Z",2003-11-14,234626,52,true,m-airon,2022-03-27T17:28:31Z,"hiphop,east coast hiphop,rap","Roc Nation / Jay-Z",0.493,0.887,6,-4.297,0,0.4,0.00661,0,0.103,0.551,89.157,4
spotify:track:0yX1VnMvtK1QNNHF3JQYMP,"Keep It Thoro","H.N.I.C","Prodigy",2000-11-13,185773,43,true,m-airon,2022-03-27T20:31:49Z,"east coast hiphop,old school hiphop","Epic",0.875,0.552,11,-6.484,0,0.3,0.0414,0,0.296,0.794,88.867,4
spotify:track:09wQdd0JQbkp9yKfRfwhjG,"Got Ur Self A Gun","Stillmatic","Nas",2001-12-18,228626,54,true,m-airon,2022-03-27T20:32:18Z,"old school hiphop,east coast hiphop,hiphop","Columbia",0.699,0.869,11,-4.263,0,0.238,0.0118,0,0.0982,0.616,93.612,4
spotify:track:71hXKEDaKHgYrn7kdLFpOx,"Dynamite!","Things Fall Apart","The Roots;Rehani Sayed",1999-02-23,285706,46,true,m-airon,2022-03-27T20:53:18Z,"east coast hiphop,jazz rap,hiphop","Geffen",0.887,0.456,8,-7.956,0,0.298,0.0303,0,0.159,0.643,94.047,4
spotify:track:3gRlmtdCyNoKiyozn2pqc9,"Mathematics","Black On Both Sides","Mos Def",1999-10-12,246440,60,true,m-airon,2022-03-27T20:53:23Z,"east coast hiphop,old school hiphop,hiphop","Rawkus Entertainment",0.753,0.749,1,-6.132,0,0.316,0.0285,0,0.0845,0.832,93.79,4
spotify:track:3z0i5xf1iiEoiuhkTPKp3w,"Pin the Tail on the Donkey","Naughty By Nature","Naughty By Nature",1991-09-03,227506,48,false,m-airon,2022-04-13T11:23:22Z,"old school hiphop,east coast hiphop","Tommy Boy Music, LLC",0.891,0.504,8,-14.682,0,0.364,0.00611,0.000595,0.102,0.712,116.351,4
spotify:track:6904O7JrAxFybd4yu3Sz2V,"Stop Being Greedy","It's Dark And Hell Is Hot","DMX",1998-05-01,216906,55,true,m-airon,2022-04-15T17:19:45Z,"east coast hiphop,old school hiphop,hardcore hiphop","Def Jam Recordings",0.677,0.703,10,-5.986,0,0.215,0.00975,0,0.154,0.137,101.576,4
spotify:track:5k8VqtBhkbAYakV5ZEFYNo,"Suicidal Thoughts - 2005 Remaster","Ready to Die (The Remaster)","The Notorious B.I.G.",1994-09-13,170213,50,true,m-airon,2022-04-18T21:16:22Z,"old school hiphop,gangsterrap,east coast hiphop,hiphop","Bad Boy Records",0.604,0.501,5,-10.171,0,0.425,0.466,0.00000909,0.091,0.0956,78.61,4
spotify:track:4Qxv2L4JICAWLFrBV6QeH8,"Around The Way Girl","Mama Said Knock You Out (Deluxe Edition)","LL COOL J",1990-08-27,246533,50,false,m-airon,2022-04-18T21:26:41Z,"old school hiphop,east coast hiphop","LL Cool J.",0.608,0.669,1,-10.834,0,0.335,0.00435,0.0109,0.337,0.679,202.062,4
spotify:track:0snDRsjNRMJhm7SVja8l6J,"MC's Act Like They Don't Know","KRS-One","KRS-One",1995-10-10,295933,52,true,m-airon,2022-04-21T22:43:11Z,"old school hiphop,east coast hiphop,hiphop,hardcore hiphop","Jive",0.855,0.798,1,-4.018,1,0.237,0.0101,0.000615,0.628,0.855,90.429,4
spotify:track:209NvTRinLGOKGURmbSF73,"I Got Da Feelin'","It's Tee Time","Sweet Tee",1988-01-01,251400,19,false,m-airon,2022-04-22T14:14:45Z,"old school hiphop","Arista/Legacy",0.927,0.298,2,-16.614,1,0.196,0.0205,0.0000195,0.0822,0.599,111.079,4
spotify:track:6zsk6uF3MxfIeHPlubKBvR,"Get Ur Freak On","Miss E... So Addictive","Missy Elliott",2001-05-14,211120,70,true,m-airon,2022-08-13T14:08:50Z,"hiphop","Atlantic Records/ATG",0.797,0.75,0,-9.369,1,0.247,0.533,0.108,0.095,0.74,177.87,4
spotify:track:5rwKik1i0t9Pxt4ZRHKewV,"Scream a.k.a. Itchin'","Miss E... So Addictive","Missy Elliott",2001-05-14,239373,29,true,m-airon,2023-03-13T11:07:23Z,"hiphop","Atlantic Records/ATG",0.851,0.665,7,-8.083,1,0.298,0.0635,0.27,0.272,0.916,84.873,4
spotify:track:0sWGn9Yvbu6ITFFwFGroQ7,"Let's Get It (feat. G. Dep & Black Rob)","The Saga Continues...","Diddy;Black Rob;G. Dep;Three The...",2001,256026,38,true,m-airon,2024-10-06T21:13:33Z,"hiphop,east coast hiphop,old school hiphop","Bad Boy Records",0.839,0.912,8,-2.981,1,0.308,0.141,0,0.14,0.644,97.241,4
spotify:track:4Aujn3OS6bSqprR2UVGlfy,"Yoke the Joker","Naughty By Nature","Naughty By Nature",1991-09-03,313640,43,true,m-airon,2024-10-08T04:53:51Z,"old school hiphop,east coast hiphop","Tommy Boy Music, LLC",0.917,0.607,4,-15.522,0,0.325,0.003,0,0.116,0.651,94.063,4
spotify:track:2CPturRUlpvirYr7VpkXCV,"It Ain't Hard to Tell","Illmatic","Nas",1994-04-19,202106,64,true,m-airon,2024-10-14T08:49:12Z,"old school hiphop,east coast hiphop,hiphop","Columbia",0.69,0.729,11,-5.819,0,0.221,0.000017,0.0431,0.152,0.357,91.376,4
spotify:track:4TvxDMTOkbK2yt7IfHWqZQ,"The Format","The Format (Special Edition)","AZ;DJ Premier",2006-11-07,183440,54,true,m-airon,2024-10-16T14:03:44Z,"east coast hiphop,old school hiphop,boombap","Quiet Money Direct",0.609,0.807,9,-4.718,0,0.282,0.158,0.0106,0.0674,0.815,96.076,4
spotify:track:47WX4SHMvBCTKqa1IohI2k,"New Life","Pieces Of A Man","AZ",1998-04-07,82893,44,true,m-airon,2024-10-16T14:20:58Z,"east coast hiphop,old school hiphop,boombap","Virgin Records",0.894,0.531,0,-8.03,1,0.43,0.118,0.000397,0.124,0.657,86.218,4
spotify:track:7Jc0l11j0Ehx6smWHqDXtX,"Phenomenon","Phenomenon","LL COOL J",1997-01-01,244733,51,true,m-airon,2024-10-16T14:32:06Z,"old school hiphop,east coast hiphop","Def Jam Recordings",0.862,0.606,7,-8.136,1,0.276,0.000331,0.00000487,0.0706,0.485,105.972,4
spotify:track:7bp5DfkdK1OAvNJ1U4HfDA,"Shadowboxin'","Liquid Swords","GZA;Method Man",1995-11-07,209973,62,true,m-airon,2024-10-16T15:18:48Z,"east coast hiphop,old school hiphop,hiphop,boombap,hardcore hiphop","Geffen",0.704,0.642,1,-10.11,1,0.39,0.00704,0.00000143,0.161,0.72,92.09,4
spotify:track:5H4PU7wBIXL259apGjSpOr,"Can't Knock The Hustle","Reasonable Doubt","JAŸ-Z;Mary J. Blige",1996-06-25,317800,48,true,m-airon,2024-10-16T20:47:55Z,"hiphop,east coast hiphop,rap,r&b","Roc-A-Fella",0.78,0.378,7,-11.48,1,0.465,0.198,0,0.0782,0.577,94.897,4
spotify:track:3FWTGnS0F6wm2HhIkI8rVW,"Deadly Combination (feat. 2Pac)","The Big Picture","Big L;2Pac",2016-07-15,152373,61,true,m-airon,2024-10-16T20:54:49Z,"east coast hiphop,old school hiphop,hardcore hiphop,boombap,hiphop,gangsterrap,west coast hiphop,g funk","RBC Records",0.902,0.513,1,-10.029,1,0.305,0.0924,0,0.267,0.628,91.477,4
spotify:track:7hdOchAKFm6FwzyevcQ56y,"Things Done Changed - 2005 Remaster","Ready to Die (The Remaster)","The Notorious B.I.G.",1994-09-13,238106,54,true,m-airon,2024-10-23T08:09:42Z,"old school hiphop,gangsterrap,east coast hiphop,hiphop","Bad Boy Records",0.743,0.63,1,-6.94,1,0.253,0.0241,0.00000269,0.0726,0.127,90.908,4
spotify:track:5onGESUxi3P9xLt311oS59,"One More Chance - 2005 Remaster","Ready to Die (The Remaster)","The Notorious B.I.G.",1994-09-13,283026,54,true,m-airon,2024-10-23T08:39:05Z,"old school hiphop,gangsterrap,east coast hiphop,hiphop","Bad Boy Records",0.731,0.695,10,-5.741,0,0.45,0.122,0,0.106,0.696,188.182,4
spotify:track:0cuLak2CHr0Lvua8kV0w6n,"Paradise","10","LL COOL J;Amerie",2002-10-08,275093,57,false,m-airon,2024-10-24T07:47:07Z,"old school hiphop,east coast hiphop","Def Jam Recordings",0.778,0.823,5,-2.981,0,0.199,0.0165,0.000038,0.282,0.856,97.885,4
spotify:track:4JYUDRtPZuVNi7FAnbHyux,"Flava in Ya Ear Remix (feat. The Notorious B.I.G., LL Cool J, Busta Rhymes, Rampage)","Flava In Ya Ear Remix","Craig Mack;Busta Rhymes;LL COOL J;Rampage;The Notorious B.I.G.",1994,302013,57,true,m-airon,2024-10-24T08:07:10Z,"old school hiphop,east coast hiphop,gangsterrap,hiphop","Rhino Atlantic",0.52,0.847,9,-5.3,1,0.427,0.272,0,0.325,0.799,177.371,4
spotify:track:0r84JvUwU5LQ8iwIhXLNgR,"Niggas - 2005 Remaster","Born Again","The Notorious B.I.G.",1999,228666,45,true,m-airon,2024-10-26T20:59:57Z,"old school hiphop,gangsterrap,east coast hiphop,hiphop","Bad Boy Records",0.732,0.922,10,-3.403,0,0.502,0.269,0,0.914,0.531,93.784,4
spotify:track:0UN5OvKlbg06LnZyVk48ll,"Loungin (Who Do Ya Luv) - Remix","Mr. Smith (Deluxe Edition)","LL COOL J;Total",1995-11-21,229373,60,true,m-airon,2024-11-06T08:38:36Z,"old school hiphop,east coast hiphop,r&b,new jack swing","LL Cool J.",0.817,0.584,7,-9.785,1,0.174,0.432,0.00588,0.225,0.502,99.947,4
spotify:track:1RQE33QW6K4YFKGPLHjbcC,"All I Have","10","Jennifer Lopez;LL COOL J",2002-10-08,254373,40,false,m-airon,2024-11-06T08:55:08Z,"old school hiphop,east coast hiphop","Def Jam Recordings",0.707,0.655,1,-5.704,1,0.103,0.264,0,0.126,0.415,83.087,4
spotify:track:2Usnx5papFBxkaDgyodMcO,"I Really Mean It - Album Version (Edited)","Cam'Ron Presents The Diplomats - Diplomatic Immunity","The Diplomats;Cam'ron;Jimmy Jones",2003-01-01,261880,34,false,m-airon,2024-11-07T12:06:00Z,"east coast hiphop","Roc-A-Fella",0.444,0.758,7,-4.252,1,0.27,0.0323,0.0000242,0.588,0.811,78.514,4
spotify:track:65b9yKBAWxOVXyeuQrGypA,"Sneakers","Immobilarity","Raekwon",1999-11-15,181493,29,true,m-airon,2024-11-11T17:48:22Z,"east coast hiphop,old school hiphop,hardcore hiphop,hiphop,boombap","Epic",0.854,0.784,10,-5.176,0,0.402,0.17,0,0.352,0.674,90.069,4
spotify:track:5LN1B9uVAVleCZ2euGarvi,"MVP","Lifestylez Ov Da Poor & Dangerous","Big L",1995-03-28,218866,58,false,m-airon,2024-11-11T18:36:55Z,"east coast hiphop,old school hiphop,hardcore hiphop,boombap,hiphop","Columbia",0.857,0.672,10,-5.934,0,0.16,0.0649,0,0.355,0.671,86.777,4
spotify:track:2io3tr0HmXMIGY06xnWb0J,"No Endz, No Skinz","Lifestylez Ov Da Poor & Dangerous","Big L",1995-03-28,208733,49,true,m-airon,2024-11-11T18:38:16Z,"east coast hiphop,old school hiphop,hardcore hiphop,boombap,hiphop","Columbia",0.938,0.773,1,-6.804,1,0.231,0.0589,0.000761,0.182,0.716,100.305,4
spotify:track:24vNw0Z0srb4zYXwrakw8E,"Wu-Tang Clan Ain't Nuthing ta F' Wit","Enter The Wu-Tang (36 Chambers) [Expanded Edition]","Wu-Tang Clan",1993-11-09,216040,64,true,m-airon,2024-11-12T06:23:35Z,"old school hiphop,east coast hiphop,hiphop,gangsterrap,hardcore hiphop","RCA Records Label",0.823,0.526,1,-12.202,1,0.328,0.237,0,0.362,0.614,99.13,4
spotify:track:1v5cgIyffYtfEx0swttdoE,"Bring Da Ruckus","Enter The Wu-Tang (36 Chambers) [Expanded Edition]","Wu-Tang Clan",1993-11-09,251266,60,true,m-airon,2024-11-12T07:30:44Z,"old school hiphop,east coast hiphop,hiphop,gangsterrap,hardcore hiphop","RCA Records Label",0.788,0.584,11,-10.807,1,0.386,0.242,0,0.347,0.528,87.508,4
spotify:track:5LZ4d69L4TK8hVyh2q7YEJ,"8 Iz Enuff","Lifestylez Ov Da Poor & Dangerous","Big L",1995-03-28,298840,45,true,m-airon,2024-11-12T13:57:47Z,"east coast hiphop,old school hiphop,hardcore hiphop,boombap,hiphop","Columbia",0.844,0.459,8,-8.827,0,0.364,0.418,0.00816,0.112,0.394,96.019,4
spotify:track:4LmMbjy178zJj3EaU2qoTW,"Get The Drop On Em","Mr. Smith (Deluxe Edition)","LL COOL J",1995-11-21,237560,21,false,m-airon,2024-11-14T06:42:18Z,"old school hiphop,east coast hiphop","LL Cool J.",0.828,0.437,7,-10.093,0,0.484,0.663,0,0.15,0.869,98.002,4
spotify:track:49PPrCt4S5nFLGH56qkxuT,"Around The Way Girl","Mama Said Knock You Out","LL COOL J",1990-08-27,246533,35,false,m-airon,2024-11-14T08:22:29Z,"old school hiphop,east coast hiphop","LL Cool J.",0.608,0.669,1,-10.834,0,0.335,0.00435,0.0109,0.337,0.679,202.062,4
spotify:track:1EdinkMFcfwecOcUjqIe8r,"Another Dollar","Phenomenon","LL COOL J",1997-01-01,228506,16,true,m-airon,2024-11-14T09:51:22Z,"old school hiphop,east coast hiphop","Def Jam Recordings",0.617,0.655,1,-7.164,0,0.43,0.0756,0,0.0481,0.815,173.06,4
spotify:track:3njpLvANriMsdv3dgADEad,"Get Back","The Red Light District","Ludacris",2004-01-01,270746,64,true,m-airon,2024-12-16T20:44:46Z,"dirty south rap","Def Jam Recordings",0.555,0.639,1,-5.16,1,0.263,0.0594,0,0.118,0.184,171.609,4
spotify:track:77S8pBH3ilaDIPmTJkRNQn,"Fiesta (feat. JAY-Z, Boo & Gotti) - Remix","The R. In R&B Collection: Volume 1","R. Kelly;JAŸ-Z;Boo;Gotti",2003-09-23,241400,51,false,m-airon,2024-12-23T09:24:25Z,"r&b,hiphop,east coast hiphop,rap,melbourne bounce,country hiphop","Jive",0.92,0.487,10,-5.578,0,0.182,0.0103,0,0.0411,0.806,92.836,4
spotify:track:1NHwvBmrUje4L1dxfWnXCH,"Put Your Hands Where My Eyes Could See (feat. Jamal)","When Disaster Strikes...","Busta Rhymes;Jamal",1997,194293,63,true,m-airon,2024-12-30T13:16:34Z,"east coast hiphop,disco polo","Rhino/Elektra",0.906,0.623,1,-6.711,0,0.303,0.00864,0.00000419,0.0753,0.715,99.498,4
spotify:track:1XvT8u1KR1hd38SVQiuTAV,"Growing Pains","Word Of Mouf","Ludacris;Fate Wilson;Keon Bryce",2001-01-01,289173,54,true,m-airon,2024-12-30T15:05:20Z,"dirty south rap","RAL (Rush Associated Label)",0.731,0.713,11,-6.442,0,0.262,0.0507,0,0.867,0.732,84.488,4
spotify:track:6jn2A66ztgXPrpeNsdiGHE,"Tru Master (with Inspectah Deck & Kurupt)","Soul Survivor","Pete Rock;Inspectah Deck;Kurupt",1998-06-17,239533,36,true,m-airon,2024-12-30T16:56:02Z,"jazz rap,east coast hiphop,boombap,g funk,west coast hiphop,gangsterrap,old school hiphop","RCA Records Label",0.649,0.941,2,-4.159,1,0.398,0.0676,0,0.0905,0.64,91.442,4
spotify:track:6eeETlsa4gwbfFnO4Minlg,"How I'm Comin'","14 Shots To The Dome","LL COOL J",1993-06-01,305893,23,false,m-airon,2025-05-25T12:09:57Z,"old school hiphop,east coast hiphop","Def Jam Recordings",0.755,0.974,11,-8.68,1,0.208,0.0605,0,0.323,0.309,97.094,4
spotify:track:3uVE5vLKkigiWBOQEgmdDk,"Who's That Girl?","Scorpion","Eve",2001-03-06,281906,66,true,m-airon,2025-06-10T15:44:26Z,"","Ruff Ryders RECORDS",0.77,0.86,6,-3.702,1,0.19,0.0159,0.000713,0.0682,0.547,96.428,4
spotify:track:1Z4mVNtYGnpjHUoZVo3IMU,"Smooth Operator","It's A Big Daddy Thing","Big Daddy Kane",1989,284466,49,false,m-airon,2025-07-12T17:21:54Z,"old school hiphop,east coast hiphop,hardcore hiphop,hiphop","Rhino/Warner Records",0.891,0.319,4,-16.099,0,0.333,0.0933,0.000104,0.0482,0.687,92.649,4
spotify:track:53duuSwaLOZuIrELvZXqLH,"Going Back to Cali - 2014 Remaster","Life After Death (2014 Remastered Edition)","The Notorious B.I.G.",1997-03-04,307426,62,true,m-airon,2025-09-17T05:26:03Z,"old school hiphop,gangsterrap,east coast hiphop,hiphop","Rhino Atlantic",0.851,0.647,9,-5.847,1,0.339,0.207,0,0.0447,0.596,99.17,4
spotify:track:4UIqq2VRrmHD4N68C2ubfk,"7 Minute Freestyle","Harlem's Finest: Return Of The King","Big L;JAŸ-Z",2025-10-31,444255,48,true,m-airon,2025-12-18T08:00:00Z,"east coast hiphop,old school hiphop,hardcore hiphop,boombap,hiphop,rap","Mass Appeal",0.649,0.901,11,-3.526,0,0.425,0.253,0,0.0926,0.769,180.404,4
