"Track.URI","Track.Name","Album.Name","Artist.Name.s.","Release.Date","Duration..ms.","Popularity","Explicit","Added.By","Added.At","Genres","Record.Label","Danceability","Energy","Key","Loudness","Mode","Speechiness","Acousticness","Instrumentalness","Liveness","Valence","Tempo","Time.Signature","region","highlight"
"spotify:track:67ncYmW29pNJJY2yXuLPwT","You Know How We Do It","Greatest Hits","Ice Cube","2001-12-04",232786,69,"true","warriorkid3000","2021-09-29T03:38:11Z","old school hiphop,gangsterrap,west coast hiphop,g funk,hiphop","Priority Records",0.743,0.651,10,-6.269,0,0.0343,0.0231,0.00388,0.0851,0.543,92.876,4,"west","no"
"spotify:track:7y9yjpRtZajYzVpXHRjwGz","No More ?'s","Eazy-Duz-It","Eazy-E","1988-09-13",234360,71,"true","warriorkid3000","2021-09-29T03:38:21Z","gangsterrap,old school hiphop,west coast hiphop,g funk","FRONTLINE CATALOG (P81)",0.935,0.805,7,-4.782,1,0.225,0.0143,1.53e-06,0.298,0.624,105.641,4,"west","no"
"spotify:track:09b84uwrksszAvJwM6J28L","A Bitch Iz A Bitch","Express Yourself","N.W.A.","1989-03-27",190600,55,"true","warriorkid3000","2023-09-20T03:46:09Z","old school hiphop,gangsterrap,west coast hiphop,hiphop,rap,g funk","Priority Records",0.905,0.548,4,-8.131,1,0.381,0.038,0,0.34,0.794,97.235,4,"west","no"
"spotify:track:2qOm7ukLyHUXWyR4ZWLwxA","It Was A Good Day","The Predator","Ice Cube","1992-11-17",260000,80,"true","warriorkid3000","2021-09-29T03:38:36Z","old school hiphop,gangsterrap,west coast hiphop,g funk,hiphop","Priority Records",0.798,0.744,7,-5.328,0,0.136,0.33,0.000106,0.292,0.794,82.356,4,"west","no"
"spotify:track:0WKYRFtH6KKbaNWjsxqm70","Gin And Juice (feat. Dat Nigga Daz)","Doggystyle","Snoop Dogg;Daz Dillinger","1993",211493,2,"true","warriorkid3000","2021-09-29T03:49:04Z","g funk,west coast hiphop,gangsterrap,old school hiphop,hiphop,rap","Death Row Records",0.549,0.853,7,-4.293,1,0.188,0.0285,0.000296,0.618,0.346,94.695,4,"west","no"
"spotify:track:3yNVfRQlUPViUh8O2V9SQn","Just a Friend","Biz's Baddest Beats: The Best of Biz Markie","Biz Markie","1994-08-07",238266,57,"false","warriorkid3000","2021-09-29T03:39:10Z","old school hiphop,east coast hiphop","Rhino",0.862,0.663,0,-9.004,1,0.21,0.12,0,0.318,0.837,85.308,4,"west","no"
"spotify:track:20fBuVybkHgjF6vNhSMROD","Ambitionz Az A Ridah","All Eyez On Me","2Pac","1996",278386,1,"true","warriorkid3000","2021-09-29T03:39:14Z","old school hiphop,gangsterrap,west coast hiphop,g funk,hiphop","Death Row Records",0.801,0.908,2,-6.554,1,0.221,0.00253,0.000655,0.0698,0.805,87.279,4,"west","no"
"spotify:track:2xTft6GEZeTyWNpdX94rkf","All Eyez On Me","All Eyez On Me","2Pac","1996-02-13",307773,4,"true","warriorkid3000","2021-09-29T03:39:21Z","old school hiphop,gangsterrap,west coast hiphop,g funk,hiphop","Death Row Records",0.873,0.719,1,-5.948,1,0.248,0.03,0,0.333,0.858,93.281,4,"west","no"
"spotify:track:0Z2J91b2iTGLVTZC4fKgxf","Hit 'Em Up - Single Version","Greatest Hits","2Pac;Outlawz","1998-01-01",312626,83,"true","warriorkid3000","2023-06-12T04:05:46Z","old school hiphop,gangsterrap,west coast hiphop,g funk,hiphop","2Pac Greatest Hits",0.916,0.844,7,-3.967,1,0.236,0.0394,0,0.0778,0.586,95.19,4,"west","no"
"spotify:track:3bA5Xfk5JyPGtBh00GX8Gk","Ain't No Fun (If the Homies Cant Have None) (feat. Nate Dogg, Warren G & Kurupt)","Doggystyle","Snoop Dogg;Kurupt;Warren G;Nate Dogg","1993",246346,0,"true","warriorkid3000","2021-09-29T03:39:38Z","g funk,west coast hiphop,gangsterrap,old school hiphop,hiphop,rap","Death Row Records",0.84,0.798,8,-5.079,1,0.0699,0.045,4.32e-05,0.172,0.695,100.175,4,"west","no"
"spotify:track:3JdyhQORbJkCWT8xfLd8gD","Boyz-N-The-Hood - Remix","Eazy-Duz-It","Eazy-E;Ice Cube;DJ Yella","1988-09-13",379733,63,"true","warriorkid3000","2021-09-29T03:40:34Z","gangsterrap,old school hiphop,west coast hiphop,g funk,hiphop,hyphy","FRONTLINE CATALOG (P81)",0.837,0.692,7,-4.251,1,0.337,0.0383,0,0.212,0.805,87.775,4,"west","no"
"spotify:track:4LwU4Vp6od3Sb08CsP99GC","The Next Episode","2001","Dr. Dre;Snoop Dogg","1999-11-16",161506,81,"true","warriorkid3000","2021-09-29T03:40:40Z","old school hiphop,g funk,gangsterrap,west coast hiphop,hiphop,rap","Aftermath",0.922,0.909,10,-2.429,0,0.27,0.0281,0,0.0856,0.309,95.295,4,"west","no"
"spotify:track:0XRbYXQUymj9SJkrr8YK5B","Keep Ya Head Up","Strictly 4 My N.I.G.G.A.Z...","2Pac","1993-02-16",262506,70,"true","warriorkid3000","2021-09-29T03:40:48Z","old school hiphop,gangsterrap,west coast hiphop,g funk,hiphop","Interscope",0.598,0.732,4,-7.013,1,0.425,0.144,0,0.508,0.595,172.329,4,"west","no"
"spotify:track:6KIKRz9eSTXdNsGUnomdtW","Straight Outta Compton","Straight Outta Compton","N.W.A.","1988-08-08",258687,70,"true","warriorkid3000","2021-09-29T03:43:31Z","old school hiphop,gangsterrap,west coast hiphop,hiphop,rap,g funk","Priority Records",0.834,0.878,8,-9.484,1,0.15,0.0461,0,0.334,0.418,102.848,4,"west","no"
"spotify:track:7sPt2cfrg7DrVP52zfvS1i","Gin N Juice (feat. Dat Nigga Daz)","Doggystyle","Snoop Dogg;Daz Dillinger","1993",211493,1,"true","warriorkid3000","2021-09-29T03:43:37Z","g funk,west coast hiphop,gangsterrap,old school hiphop,hiphop,rap","Death Row Records",0.549,0.853,7,-4.293,1,0.188,0.0285,0.000296,0.618,0.346,94.695,4,"west","no"
"spotify:track:2eU63GLRBeMOszGRTCEE9E","California Love - Original Version","2Pac Greatest Hits (Explicit Version)","2Pac;Roger;Dr. Dre","1998-01-01",284906,1,"true","warriorkid3000","2021-09-29T03:44:08Z","old school hiphop,gangsterrap,west coast hiphop,g funk,hiphop,funk,post-disco,rap","Universal Music Group",0.761,0.835,7,-3.076,1,0.0425,0.031,1.44e-06,0.387,0.766,91.524,4,"west","yes"
"spotify:track:20LxTsa6936zOlzTWqoPVt","The Next Episode","2001 (Explicit Version)","Dr. Dre;Snoop Dogg","1999-11-16",161600,4,"true","warriorkid3000","2021-09-29T03:44:38Z","old school hiphop,g funk,gangsterrap,west coast hiphop,hiphop,rap","Universal Music Group",0.92,0.891,3,-2.398,0,0.253,0.0313,0,0.083,0.311,95.295,4,"west","no"
"spotify:track:3QHPHLAkYV5cQBUYs6rowx","Gold Digger","Late Registration","Kanye West;Jamie Foxx","2005-01-01",207626,66,"true","warriorkid3000","2021-09-29T03:45:02Z","rap","Roc-A-Fella",0.629,0.696,1,-5.572,0,0.348,0.0195,0,0.0554,0.623,93.034,4,"west","no"
"spotify:track:3u9fHuAtjMY1RW2mZfO4Cf","Gangsta's Paradise (feat. L.V.)","Gangsta's Paradise","Coolio;L.V.","1995-11-07",241933,3,"false","warriorkid3000","2021-09-29T03:45:12Z","west coast hiphop,g funk","Rhino",0.641,0.63,8,-6.393,1,0.0521,0.0372,0,0.4,0.415,79.955,4,"west","no"
"spotify:track:7vfvZp6KZJpxiaW6rI9ieM","I Got 5 On It","Yukmouth Presents: 420","Luniz","2010-04-20",253533,32,"true","warriorkid3000","2021-09-29T03:46:30Z","g funk,west coast hiphop,old school hiphop","EMPIRE Distribution",0.583,0.692,10,-7.932,0,0.362,0.193,0,0.121,0.595,174.141,4,"west","no"
"spotify:track:2NBQmPrOEEjA8VbeWOQGxO","Drop It Like It's Hot","R&G (Rhythm & Gangsta): The Masterpiece","Snoop Dogg;Pharrell Williams","2004-01-01",266066,77,"true","warriorkid3000","2021-09-29T03:46:42Z","g funk,west coast hiphop,gangsterrap,old school hiphop,hiphop,rap","Geffen",0.888,0.632,1,-3.872,1,0.219,0.19,0,0.101,0.662,91.979,4,"west","no"
"spotify:track:2Dts49OexROL2KvCK2sokf","What's The Difference","2001 (Explicit Version)","Dr. Dre;Eminem;Xzibit","1999-11-16",244266,1,"true","warriorkid3000","2021-09-29T03:46:48Z","old school hiphop,g funk,gangsterrap,west coast hiphop,hiphop,rap,hardcore hiphop","Universal Music Group",0.782,0.819,11,-0.158,0,0.251,0.252,0,0.133,0.725,91.824,4,"west","no"
"spotify:track:4rc9kQ6qyssElIccFJgbJb","My Name Is","Curtain Call (Deluxe)","Eminem","2005-12-06",268853,0,"true","warriorkid3000","2021-09-29T03:47:50Z","rap,hiphop","Universal Music Group",0.882,0.678,1,-6.165,1,0.312,0.0427,0,0.118,0.809,85.491,4,"west","no"
"spotify:track:4LujRMTMwAfFKjm45tixHY","Straight Outta Compton","Straight Outta Compton (2002 - Remaster)","N.W.A.","1988-08-08",259226,1,"true","warriorkid3000","2021-09-29T03:48:32Z","old school hiphop,gangsterrap,west coast hiphop,hiphop,rap,g funk","Priority Records",0.831,0.935,8,-6.02,1,0.197,0.0374,0,0.33,0.367,102.836,4,"west","no"
"spotify:track:5XhkV07Vou38wnrzwURUOC","Who Am I (What's My Name)?","Doggystyle","Snoop Dogg","1993",246320,2,"true","warriorkid3000","2021-09-29T03:49:10Z","g funk,west coast hiphop,gangsterrap,old school hiphop,hiphop,rap","Death Row Records",0.692,0.833,7,-3.974,1,0.0492,0.000136,1.98e-05,0.515,0.692,96.814,4,"west","no"
"spotify:track:4rLpAOk5KVNcqEMK3m6Lje","Ain't No Fun (If the Homies Cant Have None) (feat. Nate Dogg, Warren G & Kurupt)","Doggystyle","Snoop Dogg;Kurupt;Nate Dogg;Warren G","1993",246346,0,"true","warriorkid3000","2021-09-29T03:49:20Z","g funk,west coast hiphop,gangsterrap,old school hiphop,hiphop,rap","Death Row Records",0.84,0.798,8,-5.079,1,0.0699,0.045,4.32e-05,0.172,0.695,100.175,4,"west","no"
"spotify:track:5n8Aro6j1bEGIy7Tpo7FV7","Fuck Tha Police","Straight Outta Compton","N.W.A.","1988-08-08",345717,70,"true","warriorkid3000","2021-09-29T03:49:31Z","old school hiphop,gangsterrap,west coast hiphop,hiphop,rap,g funk","Priority Records",0.859,0.75,8,-8.325,0,0.303,0.0193,0,0.0538,0.857,98.691,4,"west","no"
"spotify:track:0Zh5U48tZNeAzzLTV1CVBE","Forgot About Dre","2001 (Explicit Version)","Dr. Dre;Eminem","1999-11-16",222240,4,"true","warriorkid3000","2021-09-29T03:50:00Z","old school hiphop,g funk,gangsterrap,west coast hiphop,hiphop,rap","Universal Music Group",0.925,0.737,8,-1.292,1,0.0777,0.092,0,0.169,0.603,133.946,4,"west","no"
"spotify:track:6ltPEsP4edATzvinHOzvk2","Still D.R.E.","2001 (Explicit Version)","Dr. Dre;Snoop Dogg","1999-11-16",268004,5,"true","warriorkid3000","2021-09-29T03:50:13Z","old school hiphop,g funk,gangsterrap,west coast hiphop,hiphop,rap","Universal Music Group",0.814,0.779,11,-3.271,1,0.235,0.175,0.000671,0.0605,0.544,93.43,4,"west","yes"
"spotify:track:5FvlQZTm4eOGeUiAB1bKc9","No Vaseline","Death Certificate (25th Anniversary Edition)","Ice Cube","2017-06-09",313053,1,"true","warriorkid3000","2021-09-29T03:50:24Z","old school hiphop,gangsterrap,west coast hiphop,g funk,hiphop","Cubevision JV New Agreements",0.777,0.957,11,-3.201,0,0.319,0.179,0,0.296,0.543,105.756,4,"west","no"
"spotify:track:4SZ3B3y1TbwTK4OIXMOVEy","Boyz-N-The-Hood","The Best Of N.W.A: The Strength Of Street Knowledge","Eazy-E","2006-01-01",336960,0,"true","warriorkid3000","2021-09-29T03:50:30Z","gangsterrap,old school hiphop,west coast hiphop,g funk","Priority Records",0.792,0.503,8,-8.359,1,0.276,0.0198,0,0.347,0.663,87.847,4,"west","no"
"spotify:track:7lQ8MOhq6IN2w8EYcFNSUk","Without Me","The Eminem Show","Eminem","2002-05-26",290320,88,"true","warriorkid3000","2021-09-29T03:51:39Z","rap,hiphop","Eminem Catalog PS",0.908,0.669,7,-2.827,1,0.0738,0.00286,0,0.237,0.662,112.238,4,"west","no"
"spotify:track:1dWimOlV5KUHDerWZVDv5l","My Name Is","Curtain Call: The Hits (Deluxe Edition)","Eminem","2005-12-06",268853,51,"true","warriorkid3000","2021-09-29T03:51:46Z","rap,hiphop","Eminem Catalog PS",0.846,0.676,5,-6.155,0,0.33,0.0449,1.02e-06,0.112,0.817,85.437,4,"west","no"
"spotify:track:5v8F7GFQgmCESBpPFbC9DN","The Real Slim Shady","Curtain Call: The Hits (Deluxe Edition)","Eminem","2005-12-06",284800,48,"true","warriorkid3000","2021-09-29T03:52:02Z","rap,hiphop","Eminem Catalog PS",0.95,0.651,5,-4.226,0,0.0547,0.0337,0,0.0424,0.777,104.495,4,"west","no"
"spotify:track:6u68nH5R3hyc94XImtFDfc","21 Questions","Get Rich Or Die Tryin' (Explicit UK Version)","50 Cent;Nate Dogg","2003-02-06",224426,1,"true","warriorkid3000","2021-09-29T03:52:13Z","old school hiphop,east coast hiphop,g funk,west coast hiphop","Polydor Associated Labels",0.608,0.821,6,-3.939,0,0.337,0.356,0.00029,0.0464,0.896,84.53,4,"west","no"
"spotify:track:33zmZuUrpdbwgXL0U8ylIl","Hit 'Em Up - Single Version (Explicit)","2Pac Greatest Hits (Explicit Version)","2Pac;Outlawz","1998-11-24",312626,1,"true","warriorkid3000","2021-09-29T03:52:27Z","old school hiphop,gangsterrap,west coast hiphop,g funk,hiphop","Digital",0.923,0.85,7,-4.026,1,0.248,0.0468,0,0.083,0.61,95.195,4,"west","no"
"spotify:track:13AvIMuWOBUWGBhWGIHb6N","Friday","Friday (Original Motion Picture Soundtrack)","Ice Cube","1995-04-11",229826,53,"true","warriorkid3000","2021-09-29T03:52:58Z","old school hiphop,gangsterrap,west coast hiphop,g funk,hiphop","FRONTLINE CATALOG (P81)",0.693,0.759,11,-4.184,1,0.0631,0.0694,4.39e-06,0.154,0.63,186.047,4,"west","no"
"spotify:track:7jIujRjK5JKNrMCcAvYUTN","Keep Their Heads Ringin'","Friday (Original Motion Picture Soundtrack)","Dr. Dre","1995-04-11",305573,66,"true","warriorkid3000","2021-09-29T03:53:02Z","old school hiphop,g funk,gangsterrap,west coast hiphop,hiphop,rap","FRONTLINE CATALOG (P81)",0.672,0.777,9,-4.238,0,0.0956,0.0379,0.00141,0.159,0.238,90.575,4,"west","no"
"spotify:track:53BZ6XygAoubR5DU5w38Vq","Real Muthaphuckkin' G's","Gangsta Memorial","Eazy-E","2007-01-01",332733,61,"true","warriorkid3000","2021-09-29T03:53:08Z","gangsterrap,old school hiphop,west coast hiphop,g funk","Priority Records",0.724,0.853,11,-3.895,0,0.283,0.0164,0,0.65,0.775,170.51,4,"west","no"
"spotify:track:2g9E9UyZ3pdJ1eqUQW0tfQ","Xxplosive","2001 (Explicit Version)","Dr. Dre;Hittman;Six-Two;Nate Dogg;Kurupt","1999-11-16",215266,0,"true","warriorkid3000","2021-09-29T03:53:20Z","old school hiphop,g funk,gangsterrap,west coast hiphop,hiphop,rap","Universal Music Group",0.767,0.881,1,-4.359,1,0.109,0.191,8.29e-06,0.139,0.939,169.049,4,"west","no"
"spotify:track:52IuMfbQa9aqRPz2oYPAI8","Express Yourself","Straight Outta Compton","N.W.A.","1988-08-08",265101,60,"true","warriorkid3000","2021-09-29T03:53:26Z","old school hiphop,gangsterrap,west coast hiphop,hiphop,rap,g funk","Priority Records",0.851,0.583,8,-11.022,0,0.286,0.0506,0,0.236,0.956,95.048,4,"west","no"
"spotify:track:2mpFm3f7QmdsVtSAIICEB7","Candy Shop","The Massacre","50 Cent;Olivia","2005-03-03",208533,0,"true","warriorkid3000","2021-09-29T03:54:01Z","old school hiphop,east coast hiphop","Interscope",0.609,0.588,7,-7.992,1,0.481,0.0305,0.000142,0.369,0.797,128.763,5,"west","no"
"spotify:track:5YGLiu7ebWcnqoghFBk3yy","Appetite For Destruction","The Best Of N.W.A: The Strength Of Street Knowledge","N.W.A.","2006-01-01",188573,0,"true","warriorkid3000","2021-09-29T03:54:27Z","old school hiphop,gangsterrap,west coast hiphop,hiphop,rap,g funk","Priority Records",0.83,0.795,7,-7.644,1,0.181,0.0348,1.08e-06,0.0864,0.402,105.525,4,"west","no"
"spotify:track:1kFyVRbMT4JJynQgTFWKZj","What You Wanna Do?","South Central Los Skanless","Kausion;Gonzoe","1995-06-01",250320,0,"true","warriorkid3000","2021-09-29T03:54:59Z","g funk,west coast hiphop,gangsterrap,old school hiphop","Blocwize Ent. / Rapbay / Urbanlife Music",0.822,0.81,1,-5,1,0.236,0.11,0,0.352,0.917,103.605,4,"west","no"
"spotify:track:6S1oHrwjeF66VRUl1b76P6","C-Walk","Kuruption!","Kurupt;Tray Dee;Slip Capone","1998-10-06",311666,51,"true","warriorkid3000","2021-09-29T03:55:04Z","g funk,west coast hiphop,gangsterrap,old school hiphop","A&M",0.913,0.444,0,-8.718,1,0.249,0.0281,4.17e-05,0.0626,0.628,94.984,4,"west","no"
"spotify:track:5UQOmTylBEdsIfSn37v3DO","Straight Up Menace","The Best of MC Eiht","MC Eiht","2010-09-21",274306,0,"true","warriorkid3000","2021-09-29T03:55:10Z","west coast hiphop,g funk,gangsterrap","Legacy Recordings",0.756,0.53,7,-9.639,1,0.142,0.00138,0.00701,0.323,0.524,79.855,4,"west","no"
"spotify:track:1pOIpxfrQ8AszXZdKR3aH3","Gangsta Gangsta","Straight Outta Compton","N.W.A.","1988-08-08",336917,63,"true","warriorkid3000","2021-09-29T03:55:17Z","old school hiphop,gangsterrap,west coast hiphop,hiphop,rap,g funk","Priority Records",0.894,0.698,6,-8.264,0,0.275,0.0279,3.56e-06,0.329,0.695,98.104,4,"west","no"
"spotify:track:63BokRfXSQhEU6Qi2dSJpZ","Mind Playing Tricks on Me","We Can't Be Stopped","Geto Boys","1991-07-02",308733,4,"true","warriorkid3000","2021-09-29T03:55:25Z","old school hiphop,dirty south rap,gangsterrap,g funk,hardcore hiphop,horrorcore","Rap-A-Lot Records",0.886,0.512,10,-11.825,0,0.237,0.207,0,0.0991,0.454,93.997,4,"west","no"
"spotify:track:2rwmKpWW6o6anOhvcyiJOw","Nothin' But The Cavi Hit","Best Of Mack 10","Mack 10;Tha Dogg Pound","2007-01-01",241360,54,"true","warriorkid3000","2021-09-29T03:55:30Z","g funk,west coast hiphop,gangsterrap,old school hiphop","Priority Records",0.852,0.741,1,-5.435,0,0.134,0.0247,0.00106,0.0974,0.535,97.894,4,"west","no"
"spotify:track:1dF5Y2dd7Wm4wZKvVjWBpr","1st of Tha Month","E. 1999 Eternal","Bone Thugs-N-Harmony","1995-07-25",314680,65,"true","warriorkid3000","2021-09-29T03:56:47Z","gangsterrap,old school hiphop,g funk","Ruthless Records",0.729,0.581,5,-8.235,0,0.18,0.0777,3.81e-06,0.696,0.508,74.038,4,"west","no"
"spotify:track:76Ceb3pvgGsZb40pSIrSMH","The Murda Show (with MC Eiht)","Best Of Spice 1","Spice 1;MC Eiht","1998-10-29",267706,41,"true","warriorkid3000","2021-09-29T03:56:52Z","west coast hiphop,g funk,gangsterrap,old school hiphop","Jive",0.761,0.721,11,-6.91,0,0.264,0.00523,0.0277,0.0768,0.789,89.858,4,"west","no"
"spotify:track:2Vpj5colB0MPy3Zg5SITEC","Bow Down","Bow Down","Westside Connection","1996-10-22",206826,59,"true","warriorkid3000","2021-09-29T03:56:56Z","west coast hiphop,g funk,gangsterrap,old school hiphop","Priority Records",0.897,0.458,9,-11.01,1,0.279,0.0208,0,0.419,0.513,92.928,4,"west","no"
"spotify:track:287tdUcso07UAu5jxXB2BQ","Afro Puffs","Above The Rim","The Lady Of Rage","2001",288333,0,"true","warriorkid3000","2021-09-29T03:57:03Z","g funk,west coast hiphop,old school hiphop,gangsterrap","Death Row Records",0.799,0.876,10,-3.661,0,0.242,0.0424,1.08e-06,0.308,0.525,91.35,4,"west","no"
"spotify:track:679RG1vQ3m1liChyglObX9","We Roll Deep","Ear To The Street","The Conscious Daughters","1993-11-30",260893,46,"true","warriorkid3000","2021-09-29T03:57:20Z","g funk,west coast hiphop,old school hiphop","Guerrilla Funk Recordings",0.742,0.878,1,-7.1,1,0.252,0.191,0,0.088,0.789,83.691,4,"west","no"
"spotify:track:4ixD6bSwnSlzuBrd2c80vI","Captain Save A Hoe","The Mail Man (Original Master Peace)","E-40;The Click;Suga T;D-Shott;B-Legit","1993",288297,61,"true","warriorkid3000","2021-09-29T03:57:26Z","hyphy,west coast hiphop,g funk,old school hiphop","Sick Wid It",0.8,0.336,7,-19.552,1,0.252,0.0579,0,0.223,0.538,82.996,4,"west","no"
"spotify:track:2ImuQo1g14CTR9hZAZD3aQ","This D.J.","Regulate… G Funk Era","Warren G;O.G.L.B.","1994-06-07",203026,65,"true","warriorkid3000","2021-09-29T03:57:37Z","g funk,west coast hiphop,old school hiphop,gangsterrap","Island Records",0.804,0.443,6,-10.268,0,0.134,0.0312,0.0225,0.112,0.58,92.035,4,"west","no"
"spotify:track:623SXRZfjnTnvCAM0CT1CP","Played Like A Piano","At Your Own Risk","King Tee;Ice Cube;Breeze","1990-10-02",299026,49,"true","warriorkid3000","2021-09-29T03:57:43Z","g funk,west coast hiphop,old school hiphop,gangsterrap,hiphop,happy hardcore","Capitol Records",0.902,0.534,11,-13.823,0,0.272,0.0171,0,0.0665,0.657,90.367,4,"west","no"
"spotify:track:1ei4Cg4zYN2y17CAvjETSM","So You Want to Be a Gangster","Shorty The Pimp","Too $hort","1992-07-14",244506,49,"true","warriorkid3000","2021-09-29T03:57:51Z","hyphy,west coast hiphop,g funk,old school hiphop,gangsterrap","Jive",0.687,0.373,2,-13.988,1,0.101,0.000186,0.0117,0.325,0.495,110.504,5,"west","no"
"spotify:track:5xEm63lXBhJKZgjRDMWH3H","Dollaz + Sense","Safe + Sound","DJ Quik","1995",352906,55,"true","warriorkid3000","2021-09-29T03:57:56Z","g funk,west coast hiphop,old school hiphop,gangsterrap","Arista",0.833,0.64,10,-5.674,0,0.22,0.0184,0,0.102,0.465,99.285,4,"west","no"
"spotify:track:3NGT0Td7H4Is1qrlDQJxma","Check Yo Self - Remix","Bootlegs And B-Sides","Ice Cube;Das EFX","1994-11-22",273106,68,"true","warriorkid3000","2021-09-29T05:56:07Z","old school hiphop,gangsterrap,west coast hiphop,g funk,hiphop,east coast hiphop,hardcore hiphop,boombap","Priority Records",0.934,0.735,1,-6.668,1,0.251,0.031,8.6e-06,0.107,0.768,101.368,4,"west","no"
"spotify:track:6S5SJlNXgrUBTLa58NMwGk","2 Of Amerikaz Most Wanted","Greatest Hits","2Pac;Snoop Dogg","1998-01-01",246666,59,"true","warriorkid3000","2021-09-29T05:56:26Z","old school hiphop,gangsterrap,west coast hiphop,g funk,hiphop,rap","2Pac Greatest Hits",0.853,0.876,1,-3.415,1,0.131,0.0426,0.00202,0.0548,0.845,99.236,4,"west","no"
"spotify:track:377UbxXV2YEA28V4Go9aDw","Can't C Me","All Eyez On Me","2Pac","2005-03-08",330760,0,"true","warriorkid3000","2021-09-29T05:56:50Z","old school hiphop,gangsterrap,west coast hiphop,g funk,hiphop","eOne Music",0.797,0.852,0,-2.234,1,0.172,0.0432,3.97e-06,0.409,0.674,95.416,4,"west","no"
"spotify:track:7lgvU7WnwcNZ8dbGUz8yhP","Bitch Please II","The Marshall Mathers LP","Eminem;Dr. Dre;Snoop Dogg;Xzibit;Nate Dogg","2000-05-23",288200,71,"true","warriorkid3000","2021-09-29T05:56:58Z","rap,hiphop,old school hiphop,g funk,gangsterrap,west coast hiphop,hardcore hiphop","Eminem Catalog PS",0.918,0.586,1,-2.89,1,0.133,0.0783,0,0.145,0.779,95.517,4,"west","no"
"spotify:track:4fukZMkYV1JgJ68NegVLtN","Dope Man","N.W.A. And The Posse","N.W.A.","1987-01-01",378373,56,"true","warriorkid3000","2021-09-29T05:57:45Z","old school hiphop,gangsterrap,west coast hiphop,hiphop,rap,g funk","Priority Records",0.773,0.735,11,-9.461,0,0.305,0.0288,0,0.19,0.818,176.415,4,"west","no"
"spotify:track:5f7F8ovtEmFzOdyN5fTOKl","San Andreas Theme Song","San Andreas Original Mixtape","Young Maylay","2005-01-01",86546,0,"true","warriorkid3000","2021-10-01T15:52:56Z","","MAYLAYNIUM MUZIQ",0.52,0.836,5,-7.13,0,0.213,0.0164,0,0.19,0.486,96.855,4,"west","no"
"spotify:track:04fX3oTJm5Zucg3Uf9aix0","Fuck Wit Dre Day (And Everybody's Celebratin')","The Chronic","Dr. Dre","1992-12-15",292186,0,"true","warriorkid3000","2021-10-01T19:19:23Z","old school hiphop,g funk,gangsterrap,west coast hiphop,hiphop,rap","Death Row Records",0.75,0.706,7,-7.461,1,0.156,0.088,0,0.535,0.59,93.603,4,"west","no"
"spotify:track:28SF0lKRqso9SSTDpbv991","Foe Life","Mack 10","Mack 10;Ice Cube","1995-01-01",253800,51,"true","warriorkid3000","2021-10-01T19:20:28Z","g funk,west coast hiphop,gangsterrap,old school hiphop,hiphop","Priority Records",0.917,0.665,8,-6.053,1,0.0924,0.0816,0,0.196,0.808,91.082,4,"west","no"
"spotify:track:4xkOaSrkexMciUUogZKVTS","Till I Collapse","The Eminem Show","Eminem;Nate Dogg","2002-05-26",297786,85,"true","warriorkid3000","2022-03-23T05:47:15Z","rap,hiphop,g funk,west coast hiphop,old school hiphop","Eminem Catalog PS",0.548,0.847,1,-3.237,1,0.186,0.0622,0,0.0816,0.1,171.447,4,"west","no"
"spotify:track:4voEoczU7Ijborps9XF1n3","I Get Around","Strictly 4 My N.I.G.G.A.Z...","2Pac;Digital Underground","1993-02-16",259000,67,"true","warriorkid3000","2022-03-23T05:50:32Z","old school hiphop,gangsterrap,west coast hiphop,g funk,hiphop","Interscope",0.846,0.416,10,-13.767,0,0.118,0.156,9.34e-06,0.238,0.645,96.188,4,"west","no"
"spotify:track:3vQir0wkIdLGq3Lc4V6J2y","Chin Check","The Best Of N.W.A: The Strength Of Street Knowledge","N.W.A.","2006-12-26",221373,64,"true","warriorkid3000","2023-01-12T05:56:19Z","old school hiphop,gangsterrap,west coast hiphop,hiphop,rap,g funk","Priority Records",0.906,0.775,2,-5.775,1,0.268,0.0831,2.74e-05,0.15,0.838,100.054,4,"west","no"
"spotify:track:5Sm1X46tna50RstHZvw072","Bitch Please","No Limit Top Dogg","Snoop Dogg;Xzibit","1999-01-01",234533,65,"true","warriorkid3000","2023-01-12T05:56:36Z","g funk,west coast hiphop,gangsterrap,old school hiphop,hiphop,rap,hardcore hiphop","Priority Records",0.869,0.697,7,-4.639,1,0.187,0.00838,0,0.297,0.804,95.03,4,"west","no"
"spotify:track:4AE7Lj39VnSZNOmGH2iZaq","Do For Love","R U Still Down? [Remember Me]","2Pac","1997-01-01",281600,78,"true","warriorkid3000","2023-01-12T05:59:48Z","old school hiphop,gangsterrap,west coast hiphop,g funk,hiphop","Interscope",0.874,0.63,1,-3.585,1,0.298,0.0578,0.00479,0.0582,0.717,95,4,"west","no"
"spotify:track:306z41nX8H9JeLvdvQClwI","CEO","CEO","Snoop Dogg","2021-03-19",205170,33,"true","warriorkid3000","2023-01-14T05:49:39Z","g funk,west coast hiphop,gangsterrap,old school hiphop,hiphop,rap","Doggy Style Records",0.844,0.59,1,-9.881,1,0.141,8.96e-05,0,0.111,0.216,102.01,4,"west","no"
"spotify:track:5Tbpp3OLLClPJF8t1DmrFD","Nuthin' But A ""G"" Thang","The Chronic","Dr. Dre;Snoop Dogg","1992-12-15",237573,78,"true","warriorkid3000","2023-04-28T04:25:30Z","old school hiphop,g funk,gangsterrap,west coast hiphop,hiphop,rap","ARY, Inc. under exclusive license to Interscope Records",0.669,0.821,11,-4.37,0,0.29,0.00182,0,0.147,0.684,94.895,4,"west","no"
"spotify:track:3AK1FxCiH9DQijxVHhW667","Deep Cover","Dr. Dre & Friends","Snoop Dogg;Dr. Dre","2003-11-24",252493,57,"false","warriorkid3000","2023-04-28T04:25:33Z","g funk,west coast hiphop,gangsterrap,old school hiphop,hiphop,rap","K-Town Records",0.833,0.653,6,-7.28,1,0.231,0.0486,1.14e-06,0.362,0.381,95.037,4,"west","no"
"spotify:track:5880eYQmXx3c3oD22IljIt","Why We Thugs","Laugh Now, Cry Later","Ice Cube","2006-01-01",224106,65,"true","warriorkid3000","2023-04-28T04:25:54Z","old school hiphop,gangsterrap,west coast hiphop,g funk,hiphop","Virgin Records",0.683,0.59,1,-5.423,1,0.458,0.326,0,0.148,0.653,100.892,4,"west","no"
"spotify:track:5242G8xCFpKoUkzvvUKYIL","Gangsta Bitch","Apache Ain't Shit","Apache","1993-03-18",284066,44,"true","warriorkid3000","2023-04-28T04:25:59Z","old school hiphop","Tommy Boy Music, LLC",0.873,0.487,7,-14.872,1,0.412,0.141,0,0.269,0.611,97.445,4,"west","no"
"spotify:track:5RGXoZt1qxmAErdhbyKJKq","Boyz-N-The-Hood","N.W.A. And The Posse","Eazy-E","1987-01-01",339893,66,"true","warriorkid3000","2023-07-04T20:38:48Z","gangsterrap,old school hiphop,west coast hiphop,g funk","Priority Records",0.785,0.479,3,-10.247,1,0.362,0.0417,3.5e-05,0.334,0.727,87.691,4,"west","no"
"spotify:track:60uesDF4UyLUs61FgiDkdp","Hello","War & Peace Vol. 2 (The Peace Disc)","Ice Cube;Dr. Dre;MC Ren","2000-02-29",232533,65,"true","warriorkid3000","2024-05-09T04:24:49Z","old school hiphop,gangsterrap,west coast hiphop,g funk,hiphop,rap","EMI",0.903,0.61,10,-6.176,0,0.339,0.155,0,0.389,0.627,91.46,4,"west","no"
"spotify:track:7sKt5Y2zJpYw78iAxndB8y","Only God Can Judge Me (ft. Rappin' 4-Tay)","All Eyez On Me","2Pac;Rappin' 4-Tay","1996-02-13",296906,68,"true","warriorkid3000","2024-05-09T04:25:04Z","old school hiphop,gangsterrap,west coast hiphop,g funk,hiphop,hyphy","Amaru Entertainment, Inc./Interscope Records",0.802,0.787,11,-6.009,0,0.206,0.00127,0.000181,0.0763,0.806,90.189,4,"west","no"
"spotify:track:4FI0rdztOAYJZMupujL5Gp","Fuck You","2001","Dr. Dre;Devin The Dude;Snoop Dogg","1999-11-16",205453,64,"true","warriorkid3000","2024-09-27T04:34:34Z","old school hiphop,g funk,gangsterrap,west coast hiphop,hiphop,rap,dirty south rap","Aftermath",0.876,0.573,0,-3.764,1,0.431,0.294,0,0.121,0.756,92.236,4,"west","no"
"spotify:track:1ohwrBQrxIlqMYfkoYERiN","Eazy-Duz-It","Eazy-Duz-It","Eazy-E;Dr. Dre;MC Ren","1988-09-13",259493,62,"true","warriorkid3000","2024-09-27T04:34:37Z","gangsterrap,old school hiphop,west coast hiphop,g funk,hiphop,rap","FRONTLINE CATALOG (P81)",0.827,0.728,2,-3.912,1,0.307,0.0768,0,0.237,0.692,90.872,4,"west","no"
"spotify:track:4IYKjN1DrYzxKXt0umJqsG","I Got 5 On It","Operation Stackola","Luniz;Michael Marshall","1995-07-04",253533,76,"false","warriorkid3000","2024-10-10T04:48:43Z","g funk,west coast hiphop,old school hiphop,braziliaanse bass","Virgin Records",0.584,0.706,10,-7.899,0,0.366,0.209,0,0.125,0.579,174.039,4,"west","no"
"spotify:track:6RtiYzLt3CeA9tpKvK5PxY","Keep your Eyes on yours","Rare","50 Cent","2003-10-15",245826,0,"true","m-airon","2019-04-05T00:10:17Z","old school hiphop,east coast hiphop","Famous Records, Corp.",0.782,0.48,11,-12.113,0,0.361,0.00772,1.02e-06,0.0951,0.634,90.688,4,"east","no"
"spotify:track:15LVUC45FiKlBp0wkmJkcv","Niggas Bleed - 2014 Remaster","Life After Death (2014 Remastered Edition)","The Notorious B.I.G.","1997-03-04",291040,55,"true","m-airon","2024-10-23T14:23:29Z","old school hiphop,gangsterrap,east coast hiphop,hiphop","Rhino Atlantic",0.541,0.847,1,-3.386,1,0.264,0.354,0,0.231,0.546,83.778,4,"east","no"
"spotify:track:6gpZSI0xEMTzleBc5ykOVA","Heart Of The City (Ain't No Love)","The Blueprint (Explicit Version)","JAY-Z","2001-09-11",223240,63,"true","m-airon","2022-03-27T17:29:38Z","hiphop,east coast hiphop,rap","Roc-A-Fella",0.606,0.943,6,-3.948,1,0.276,0.088,0.0039,0.342,0.802,171.027,4,"east","no"
"spotify:track:2EpUHz5TqbAAQ8iweD75p6","The Enemy (feat. Fat Joe)","The Big Picture","Big L;Fat Joe","2016-07-15",168013,65,"true","m-airon","2024-10-13T09:47:20Z","east coast hiphop,old school hiphop,hardcore hiphop,boombap,hiphop","RBC Records",0.606,0.649,11,-8.372,1,0.392,0.115,0.00019,0.824,0.877,174.081,4,"east","no"
"spotify:track:3YAIOD20Mk64gNRYqf56k3","Waiting For The World To End","The Master","Rakim","1999-11-30",245026,49,"true","m-airon","2022-03-27T09:16:24Z","east coast hiphop,old school hiphop,hiphop","Universal Records",0.795,0.58,10,-5.762,0,0.405,0.0735,7.33e-05,0.325,0.961,91.798,4,"east","no"
"spotify:track:3njpLvANriMsdv3dgADEad","Get Back","The Red Light District","Ludacris","2004-01-01",270746,64,"true","m-airon","2024-12-16T20:44:46Z","dirty south rap","Def Jam Recordings",0.555,0.639,1,-5.16,1,0.263,0.0594,0,0.118,0.184,171.609,4,"east","no"
"spotify:track:2KFg8kjYy0rYjWsXGhEQHN","Who Shot Ya? - 2005 Remaster","Ready to Die (The Remaster)","The Notorious B.I.G.","1994-09-13",319360,67,"true","warriorkid3000","2023-09-20T03:46:38Z","old school hiphop,gangsterrap,east coast hiphop,hiphop","Bad Boy Records",0.831,0.682,7,-5.697,1,0.238,0.256,0,0.494,0.6,91.771,4,"east","no"
"spotify:track:5czjjnbTatyFal33a9h1aN","Guess Who's Back","The 18th Letter / The Book Of Life","Rakim","1996-11-04",250906,57,"false","m-airon","2019-04-04T23:57:24Z","east coast hiphop,old school hiphop,hiphop","Universal Records",0.796,0.798,6,-7.456,0,0.262,0.0153,0,0.106,0.692,94.016,4,"east","no"
"spotify:track:7c2h4jzcyJsN1QzTb8ZpiZ","Ain't Nobody","Mr. Smith (Deluxe Edition)","LL COOL J","1995-11-21",277440,49,"false","m-airon","2022-08-25T19:10:15Z","old school hiphop,east coast hiphop","LL Cool J.",0.788,0.746,10,-6.407,0,0.188,0.072,3.41e-06,0.279,0.518,99.9,4,"east","no"
"spotify:track:3bOvAqhaZNSWpGVIvHEx8B","Everyday Struggle - 2005 Remaster","Ready to Die (The Remaster)","The Notorious B.I.G.","1994-09-13",319320,58,"true","m-airon","2024-10-23T09:43:22Z","old school hiphop,gangsterrap,east coast hiphop,hiphop","Bad Boy Records",0.913,0.712,1,-6.455,0,0.265,0.0643,0.00176,0.117,0.449,96.145,4,"east","no"
"spotify:track:7Jc0l11j0Ehx6smWHqDXtX","Phenomenon","Phenomenon","LL COOL J","1997-01-01",244733,51,"true","m-airon","2024-10-16T14:32:06Z","old school hiphop,east coast hiphop","Def Jam Recordings",0.862,0.606,7,-8.136,1,0.276,0.000331,4.87e-06,0.0706,0.485,105.972,4,"east","no"
"spotify:track:5H4PU7wBIXL259apGjSpOr","Can't Knock The Hustle","Reasonable Doubt","JAY-Z;Mary J. Blige","1996-06-25",317800,48,"true","m-airon","2024-10-16T20:47:55Z","hiphop,east coast hiphop,rap,r&b","Roc-A-Fella",0.78,0.378,7,-11.48,1,0.465,0.198,0,0.0782,0.577,94.897,4,"east","no"
"spotify:track:4WMBl2wiGUSGa5C7tfQEAo","Doin' It","Mr. Smith (Deluxe Edition)","LL COOL J;Leshaun","1995-11-21",293933,60,"true","m-airon","2019-04-04T23:59:50Z","old school hiphop,east coast hiphop","LL Cool J.",0.801,0.55,10,-11.044,0,0.209,0.367,0.0229,0.117,0.61,94.992,4,"east","no"
"spotify:track:6Tsu3OsuMz4KEGKbOYd6A0","Hypnotize - 2007 Remaster","Greatest Hits","The Notorious B.I.G.","2007-03-02",230000,71,"true","warriorkid3000","2021-09-29T03:44:23Z","old school hiphop,gangsterrap,east coast hiphop,hiphop","Bad Boy Records",0.895,0.694,9,-4.384,1,0.275,0.176,0,0.292,0.632,93.944,4,"east","no"
"spotify:track:0mBAdbKjyG1uANV6jD5trK","Boom - Street Version","Boom/Soldier's Story","Royce Da 5'9""","2000",235760,32,"true","m-airon","2019-04-05T00:04:21Z","","Game Recordings Inc.",0.579,0.685,11,-5.738,0,0.236,0.000336,0.000241,0.0633,0.942,93.401,4,"east","no"
"spotify:track:4RY96Asd9IefaL3X4LOLZ8","In Da Club","Get Rich Or Die Tryin'","50 Cent","2003-02-06",193466,76,"true","warriorkid3000","2021-09-29T03:46:38Z","old school hiphop,east coast hiphop","Shady Records",0.904,0.72,6,-2.776,0,0.348,0.259,0,0.0749,0.805,90.062,4,"east","no"
"spotify:track:4hjxVY7QYNDmOclMny7hVY","Dead Presidents II","Reasonable Doubt","JAY-Z","1996-06-25",266066,53,"true","m-airon","2022-03-27T17:28:40Z","hiphop,east coast hiphop,rap","Roc-A-Fella",0.626,0.912,7,-8.758,0,0.426,0.174,1.08e-06,0.149,0.579,174.57,4,"east","no"
"spotify:track:6jn2A66ztgXPrpeNsdiGHE","Tru Master (with Inspectah Deck & Kurupt)","Soul Survivor","Pete Rock;Inspectah Deck;Kurupt","1998-06-17",239533,36,"true","m-airon","2024-12-30T16:56:02Z","jazz rap,east coast hiphop,boombap,g funk,west coast hiphop,gangsterrap,old school hiphop","RCA Records Label",0.649,0.941,2,-4.159,1,0.398,0.0676,0,0.0905,0.64,91.442,4,"east","no"
"spotify:track:2El2AmJcz6trXPVeXamGYC","What's Happenin'","Tical 0: The Prequel","Method Man;Busta Rhymes","2004-01-01",232253,54,"true","m-airon","2019-04-04T23:58:22Z","east coast hiphop,old school hiphop,hiphop,hardcore hiphop","Def Jam Recordings",0.73,0.899,2,-3.643,1,0.3,0.237,0,0.0995,0.757,109.129,4,"east","no"
"spotify:track:5xzN3p8DlPv7bBhV8mCdao","In Da Club","Get Rich Or Die Tryin' (Explicit UK Version)","50 Cent","2003-02-06",193466,0,"true","warriorkid3000","2021-09-29T03:52:18Z","old school hiphop,east coast hiphop","Polydor Associated Labels",0.908,0.721,1,-2.761,0,0.316,0.274,0,0.0758,0.767,90.01,4,"east","no"
"spotify:track:1xIxMz1sNQ4b6svH1GuTtF","Gimme the Loot - 2005 Remaster","Ready to Die (The Remaster)","The Notorious B.I.G.","1994-09-13",285946,67,"true","warriorkid3000","2021-09-29T03:54:40Z","old school hiphop,gangsterrap,east coast hiphop,hiphop","Bad Boy Records",0.721,0.662,7,-8.136,1,0.403,0.0888,0,0.178,0.68,94.191,4,"east","no"
"spotify:track:3glqlA5qY3bbo8UaUDGPnw","Triumph (feat. Ol' Dirty Bastard, Inspectah Deck, Method Man, Cappadonna, U-God, RZA, GZA, Masta Killa, Ghostface Killah & Raekwon)","Wu-Tang Forever","Wu-Tang Clan;Ol' Dirty Bastard;Inspectah Deck;Method Man;Cappadonna;U-God;RZA;GZA;Masta Killa;Ghostface Killah;Raekwon","1997-06-03",338186,62,"true","m-airon","2024-10-14T08:41:49Z","old school hiphop,east coast hiphop,hiphop,gangsterrap,hardcore hiphop,boombap","LOUD Records",0.739,0.639,2,-6.959,1,0.358,0.000918,2.74e-05,0.352,0.323,91.121,4,"east","no"
"spotify:track:4h5KBcltGefua73AUPYps7","Izzo (H.O.V.A.)","The Blueprint (Explicit Version)","JAY-Z","2001-09-11",240626,58,"true","m-airon","2022-03-27T17:28:21Z","hiphop,east coast hiphop,rap","Roc-A-Fella",0.618,0.844,1,-4.051,0,0.342,0.0178,0.000126,0.0634,0.697,84.411,4,"east","no"
"spotify:track:3ABG1UQTk0eLYUAeWkmfMi","Shimmy Shimmy Ya","Return to the 36 Chambers: The Dirty Version","Ol' Dirty Bastard","1995",161400,67,"true","m-airon","2019-04-05T00:49:46Z","east coast hiphop,old school hiphop,hardcore hiphop","Rhino/Elektra",0.814,0.481,0,-5.183,1,0.245,0.097,3.83e-05,0.0495,0.193,96.252,4,"east","no"
"spotify:track:24vNw0Z0srb4zYXwrakw8E","Wu-Tang Clan Ain't Nuthing ta F' Wit","Enter The Wu-Tang (36 Chambers) [Expanded Edition]","Wu-Tang Clan","1993-11-09",216040,63,"true","m-airon","2024-11-12T06:23:35Z","old school hiphop,east coast hiphop,hiphop,gangsterrap,hardcore hiphop","RCA Records Label",0.823,0.526,1,-12.202,1,0.328,0.237,0,0.362,0.614,99.13,4,"east","no"
"spotify:track:13N31D8yFuN4JeYYR7veY6","Respect - 2005 Remaster","Ready to Die (The Remaster)","The Notorious B.I.G.","1994-09-13",321293,52,"true","m-airon","2022-04-18T21:16:36Z","old school hiphop,gangsterrap,east coast hiphop,hiphop","Bad Boy Records",0.902,0.597,1,-5.814,1,0.575,0.197,3.4e-05,0.308,0.219,88.733,4,"east","no"
"spotify:track:2u557fu7hLTdz68Z0XwmvJ","My Baby","Rare","50 Cent;Da Angels","2003-10-15",196920,0,"true","m-airon","2019-04-05T00:10:42Z","old school hiphop,east coast hiphop,g funk,west coast hiphop","Famous Records, Corp.",0.883,0.393,6,-10.968,1,0.343,0.295,0,0.282,0.914,95.269,4,"east","no"
"spotify:track:02xhZhWcgS26FWoMUZdSg2","Brick City Mashin'!","Doc's Da Name 2000","Redman","1998-12-08",190640,42,"true","m-airon","2022-03-27T08:41:13Z","east coast hiphop,old school hiphop,hiphop,hardcore hiphop","RAL (Rush Associated Label)",0.837,0.779,1,-5.488,1,0.48,0.164,0,0.338,0.806,93.921,4,"east","no"
"spotify:track:3UYuDTslR35thjQzaVwRMe","Get Down","God's Son","Nas","2002-12-13",244253,64,"true","m-airon","2019-04-05T00:22:01Z","old school hiphop,east coast hiphop,hiphop","Columbia",0.835,0.718,1,-6.405,1,0.232,0.0424,0,0.258,0.507,94.387,4,"east","no"
"spotify:track:5rwKik1i0t9Pxt4ZRHKewV","Scream a.k.a. Itchin'","Miss E... So Addictive","Missy Elliott","2001-05-14",239373,29,"true","m-airon","2023-03-13T11:07:23Z","hiphop","Atlantic Records/ATG",0.851,0.665,7,-8.083,1,0.298,0.0635,0.27,0.272,0.916,84.873,4,"east","no"
"spotify:track:06UPCXzhIsXnceSXmKLMEY","Ether","Stillmatic","Nas","2001-12-18",277706,56,"true","m-airon","2024-10-12T17:23:09Z","old school hiphop,east coast hiphop,hiphop","Columbia",0.573,0.831,7,-5.586,1,0.433,0.0401,0,0.0909,0.766,76.352,4,"east","no"
"spotify:track:6C7ZgThn6Yan5MTZdAEEFw","Mama Said Knock You Out","Mama Said Knock You Out","LL COOL J","1990-08-27",289693,63,"true","m-airon","2022-03-27T08:37:15Z","old school hiphop,east coast hiphop","LL Cool J.",0.791,0.759,10,-7.378,0,0.129,0.0314,0.674,0.255,0.619,102.382,4,"east","no"
"spotify:track:2NeHnSFnwNp1Z5WYgcjJ8L","X Gon' Give It To Ya","The Best Of DMX","DMX","2010-01-01",219253,5,"true","warriorkid3000","2021-09-29T03:46:23Z","east coast hiphop,old school hiphop,hardcore hiphop","Universal Music Group",0.678,0.857,10,-5.173,0,0.216,0.0325,0,0.0788,0.622,94.95,4,"east","no"
"spotify:track:0UN5OvKlbg06LnZyVk48ll","Loungin (Who Do Ya Luv) - Remix","Mr. Smith (Deluxe Edition)","LL COOL J;Total","1995-11-21",229373,60,"true","m-airon","2024-11-06T08:38:36Z","old school hiphop,east coast hiphop,r&b,new jack swing","LL Cool J.",0.817,0.584,7,-9.785,1,0.174,0.432,0.00588,0.225,0.502,99.947,4,"east","no"
"spotify:track:7cFpB4ozcSwXuhqjvNbrbP","Good Times","A Gangster And A Gentleman","Styles P","2002-01-01",211493,59,"true","m-airon","2022-04-13T11:30:53Z","east coast hiphop","Ruff Ryders Records",0.697,0.761,11,-7.647,0,0.302,0.157,0,0.789,0.666,81.728,4,"east","no"
"spotify:track:5LN1B9uVAVleCZ2euGarvi","MVP","Lifestylez Ov Da Poor & Dangerous","Big L","1995-03-28",218866,58,"false","m-airon","2024-11-11T18:36:55Z","east coast hiphop,old school hiphop,hardcore hiphop,boombap,hiphop","Columbia",0.857,0.672,10,-5.934,0,0.16,0.0649,0,0.355,0.671,86.777,4,"east","no"
"spotify:track:7fuoqve1SOEBmhc2PoQTF0","Breathe","Real Talk (123)","Fabolous","2004-10-11",268960,57,"true","m-airon","2022-04-13T11:26:56Z","","Elektra Records",0.713,0.91,10,-5.586,0,0.282,0.34,0,0.304,0.51,83.028,4,"east","no"
"spotify:track:2Usnx5papFBxkaDgyodMcO","I Really Mean It - Album Version (Edited)","Cam'Ron Presents The Diplomats - Diplomatic Immunity","The Diplomats;Cam'ron;Jimmy Jones","2003-01-01",261880,26,"false","m-airon","2024-11-07T12:06:00Z","east coast hiphop","Roc-A-Fella",0.444,0.758,7,-4.252,1,0.27,0.0323,2.42e-05,0.588,0.811,78.514,4,"east","no"
"spotify:track:0cuLak2CHr0Lvua8kV0w6n","Paradise","10","LL COOL J;Amerie","2002-10-08",275093,57,"false","m-airon","2024-10-24T07:47:07Z","old school hiphop,east coast hiphop","Def Jam Recordings",0.778,0.823,5,-2.981,0,0.199,0.0165,3.8e-05,0.282,0.856,97.885,4,"east","no"
"spotify:track:29UzHkRHqGrqSikUDRWIam","P.I.M.P.","Get Rich Or Die Tryin' (Explicit UK Version)","50 Cent","2003-02-06",249466,0,"true","warriorkid3000","2021-09-29T03:45:07Z","old school hiphop,east coast hiphop","Polydor Associated Labels",0.608,0.768,10,-2.997,0,0.357,0.0438,7.13e-06,0.0388,0.89,86.508,4,"east","no"
"spotify:track:49PPrCt4S5nFLGH56qkxuT","Around The Way Girl","Mama Said Knock You Out","LL COOL J","1990-08-27",246533,35,"false","m-airon","2024-11-14T08:22:29Z","old school hiphop,east coast hiphop","LL Cool J.",0.608,0.669,1,-10.834,0,0.335,0.00435,0.0109,0.337,0.679,202.062,4,"east","no"
"spotify:track:7k9XAKJp28xmRnPPCkWOKn","Realest N*ggas","Bad Boys II","Notorious B.I.G. & 50 Cent","2005-04-20",212560,0,"true","m-airon","2022-04-15T20:49:45Z","","Bad Boy Records",0.903,0.728,6,-3.983,1,0.322,0.397,2.66e-06,0.157,0.817,95.67,4,"east","no"
"spotify:track:3gRlmtdCyNoKiyozn2pqc9","Mathematics","Black On Both Sides","Mos Def","1999-10-12",246440,60,"true","m-airon","2022-03-27T20:53:23Z","east coast hiphop,old school hiphop,hiphop","Rawkus Entertainment",0.753,0.749,1,-6.132,0,0.316,0.0285,0,0.0845,0.832,93.79,4,"east","no"
"spotify:track:3tHbqNaaXituiTZjGRx5UV","Made You Look (feat. Jadakiss & Ludacris) - Remix","Made You Look (Remix) (feat. Jadakiss & Ludacris)","Nas;Jadakiss;Ludacris","2002-09-10",211906,43,"true","m-airon","2024-11-11T12:21:41Z","old school hiphop,east coast hiphop,hiphop,dirty south rap","Columbia/Legacy",0.602,0.941,1,-3.451,1,0.327,0.362,0,0.695,0.695,95.789,4,"east","no"
"spotify:track:6eeETlsa4gwbfFnO4Minlg","How I'm Comin'","14 Shots To The Dome","LL COOL J","1993-06-01",305893,22,"false","m-airon","2025-05-25T12:09:57Z","old school hiphop,east coast hiphop","Def Jam Recordings",0.755,0.974,11,-8.68,1,0.208,0.0605,0,0.323,0.309,97.094,4,"east","no"
